route_no,departure_time,source,destination
VZ001,05:00,Railway Station,Jagadamba
VZ001,06:00,Railway Station,Jagadamba
VZ001,07:00,Railway Station,Jagadamba
VZ001,08:00,Railway Station,Jagadamba
VZ001,09:00,Railway Station,Jagadamba
VZ001,10:00,Railway Station,Jagadamba
VZ001,11:00,Railway Station,Jagadamba
VZ001,12:00,Railway Station,Jagadamba
VZ001,13:00,Railway Station,Jagadamba
VZ001,14:00,Railway Station,Jagadamba
VZ001,15:00,Railway Station,Jagadamba
VZ001,16:00,Railway Station,Jagadamba
VZ001,17:00,Railway Station,Jagadamba
VZ001,18:00,Railway Station,Jagadamba
VZ001,19:00,Railway Station,Jagadamba
VZ001,20:00,Railway Station,Jagadamba
VZ001,21:00,Railway Station,Jagadamba
VZ001,22:00,Railway Station,Jagadamba
VZ002,05:00,Old Post Office,PM Palem
VZ002,06:00,Old Post Office,PM Palem
VZ002,07:00,Old Post Office,PM Palem
VZ002,08:00,Old Post Office,PM Palem
VZ002,09:00,Old Post Office,PM Palem
VZ002,10:00,Old Post Office,PM Palem
VZ002,11:00,Old Post Office,PM Palem
VZ002,12:00,Old Post Office,PM Palem
VZ002,13:00,Old Post Office,PM Palem
VZ002,14:00,Old Post Office,PM Palem
VZ002,15:00,Old Post Office,PM Palem
VZ002,16:00,Old Post Office,PM Palem
VZ002,17:00,Old Post Office,PM Palem
VZ002,18:00,Old Post Office,PM Palem
VZ002,19:00,Old Post Office,PM Palem
VZ002,20:00,Old Post Office,PM Palem
VZ002,21:00,Old Post Office,PM Palem
VZ002,22:00,Old Post Office,PM Palem
VZ003,05:00,Jagadamba,Bheemili
VZ003,06:00,Jagadamba,Bheemili
VZ003,07:00,Jagadamba,Bheemili
VZ003,08:00,Jagadamba,Bheemili
VZ003,09:00,Jagadamba,Bheemili
VZ003,10:00,Jagadamba,Bheemili
VZ003,11:00,Jagadamba,Bheemili
VZ003,12:00,Jagadamba,Bheemili
VZ003,13:00,Jagadamba,Bheemili
VZ003,14:00,Jagadamba,Bheemili
VZ003,15:00,Jagadamba,Bheemili
VZ003,16:00,Jagadamba,Bheemili
VZ003,17:00,Jagadamba,Bheemili
VZ003,18:00,Jagadamba,Bheemili
VZ003,19:00,Jagadamba,Bheemili
VZ003,20:00,Jagadamba,Bheemili
VZ003,21:00,Jagadamba,Bheemili
VZ003,22:00,Jagadamba,Bheemili
VZ004,05:00,Maddilapalem,Simhachalam
VZ004,06:00,Maddilapalem,Simhachalam
VZ004,07:00,Maddilapalem,Simhachalam
VZ004,08:00,Maddilapalem,Simhachalam
VZ004,09:00,Maddilapalem,Simhachalam
VZ004,10:00,Maddilapalem,Simhachalam
VZ004,11:00,Maddilapalem,Simhachalam
VZ004,12:00,Maddilapalem,Simhachalam
VZ004,13:00,Maddilapalem,Simhachalam
VZ004,14:00,Maddilapalem,Simhachalam
VZ004,15:00,Maddilapalem,Simhachalam
VZ004,16:00,Maddilapalem,Simhachalam
VZ004,17:00,Maddilapalem,Simhachalam
VZ004,18:00,Maddilapalem,Simhachalam
VZ004,19:00,Maddilapalem,Simhachalam
VZ004,20:00,Maddilapalem,Simhachalam
VZ004,21:00,Maddilapalem,Simhachalam
VZ004,22:00,Maddilapalem,Simhachalam
VZ005,05:00,MVP Colony,Kancharapalem
VZ005,06:00,MVP Colony,Kancharapalem
VZ005,07:00,MVP Colony,Kancharapalem
VZ005,08:00,MVP Colony,Kancharapalem
VZ005,09:00,MVP Colony,Kancharapalem
VZ005,10:00,MVP Colony,Kancharapalem
VZ005,11:00,MVP Colony,Kancharapalem
VZ005,12:00,MVP Colony,Kancharapalem
VZ005,13:00,MVP Colony,Kancharapalem
VZ005,14:00,MVP Colony,Kancharapalem
VZ005,15:00,MVP Colony,Kancharapalem
VZ005,16:00,MVP Colony,Kancharapalem
VZ005,17:00,MVP Colony,Kancharapalem
VZ005,18:00,MVP Colony,Kancharapalem
VZ005,19:00,MVP Colony,Kancharapalem
VZ005,20:00,MVP Colony,Kancharapalem
VZ005,21:00,MVP Colony,Kancharapalem
VZ005,22:00,MVP Colony,Kancharapalem
VZ006,05:00,PM Palem,Seethammadhara
VZ006,06:00,PM Palem,Seethammadhara
VZ006,07:00,PM Palem,Seethammadhara
VZ006,08:00,PM Palem,Seethammadhara
VZ006,09:00,PM Palem,Seethammadhara
VZ006,10:00,PM Palem,Seethammadhara
VZ006,11:00,PM Palem,Seethammadhara
VZ006,12:00,PM Palem,Seethammadhara
VZ006,13:00,PM Palem,Seethammadhara
VZ006,14:00,PM Palem,Seethammadhara
VZ006,15:00,PM Palem,Seethammadhara
VZ006,16:00,PM Palem,Seethammadhara
VZ006,17:00,PM Palem,Seethammadhara
VZ006,18:00,PM Palem,Seethammadhara
VZ006,19:00,PM Palem,Seethammadhara
VZ006,20:00,PM Palem,Seethammadhara
VZ006,21:00,PM Palem,Seethammadhara
VZ006,22:00,PM Palem,Seethammadhara
VZ007,05:00,Madhurawada,Steel Plant
VZ007,06:00,Madhurawada,Steel Plant
VZ007,07:00,Madhurawada,Steel Plant
VZ007,08:00,Madhurawada,Steel Plant
VZ007,09:00,Madhurawada,Steel Plant
VZ007,10:00,Madhurawada,Steel Plant
VZ007,11:00,Madhurawada,Steel Plant
VZ007,12:00,Madhurawada,Steel Plant
VZ007,13:00,Madhurawada,Steel Plant
VZ007,14:00,Madhurawada,Steel Plant
VZ007,15:00,Madhurawada,Steel Plant
VZ007,16:00,Madhurawada,Steel Plant
VZ007,17:00,Madhurawada,Steel Plant
VZ007,18:00,Madhurawada,Steel Plant
VZ007,19:00,Madhurawada,Steel Plant
VZ007,20:00,Madhurawada,Steel Plant
VZ007,21:00,Madhurawada,Steel Plant
VZ007,22:00,Madhurawada,Steel Plant
VZ008,05:00,Rushikonda,Anakapalle
VZ008,06:00,Rushikonda,Anakapalle
VZ008,07:00,Rushikonda,Anakapalle
VZ008,08:00,Rushikonda,Anakapalle
VZ008,09:00,Rushikonda,Anakapalle
VZ008,10:00,Rushikonda,Anakapalle
VZ008,11:00,Rushikonda,Anakapalle
VZ008,12:00,Rushikonda,Anakapalle
VZ008,13:00,Rushikonda,Anakapalle
VZ008,14:00,Rushikonda,Anakapalle
VZ008,15:00,Rushikonda,Anakapalle
VZ008,16:00,Rushikonda,Anakapalle
VZ008,17:00,Rushikonda,Anakapalle
VZ008,18:00,Rushikonda,Anakapalle
VZ008,19:00,Rushikonda,Anakapalle
VZ008,20:00,Rushikonda,Anakapalle
VZ008,21:00,Rushikonda,Anakapalle
VZ008,22:00,Rushikonda,Anakapalle
VZ009,05:00,Bheemili,Duvvada
VZ009,06:00,Bheemili,Duvvada
VZ009,07:00,Bheemili,Duvvada
VZ009,08:00,Bheemili,Duvvada
VZ009,09:00,Bheemili,Duvvada
VZ009,10:00,Bheemili,Duvvada
VZ009,11:00,Bheemili,Duvvada
VZ009,12:00,Bheemili,Duvvada
VZ009,13:00,Bheemili,Duvvada
VZ009,14:00,Bheemili,Duvvada
VZ009,15:00,Bheemili,Duvvada
VZ009,16:00,Bheemili,Duvvada
VZ009,17:00,Bheemili,Duvvada
VZ009,18:00,Bheemili,Duvvada
VZ009,19:00,Bheemili,Duvvada
VZ009,20:00,Bheemili,Duvvada
VZ009,21:00,Bheemili,Duvvada
VZ009,22:00,Bheemili,Duvvada
VZ010,05:00,Anandapuram,Airport
VZ010,06:00,Anandapuram,Airport
VZ010,07:00,Anandapuram,Airport
VZ010,08:00,Anandapuram,Airport
VZ010,09:00,Anandapuram,Airport
VZ010,10:00,Anandapuram,Airport
VZ010,11:00,Anandapuram,Airport
VZ010,12:00,Anandapuram,Airport
VZ010,13:00,Anandapuram,Airport
VZ010,14:00,Anandapuram,Airport
VZ010,15:00,Anandapuram,Airport
VZ010,16:00,Anandapuram,Airport
VZ010,17:00,Anandapuram,Airport
VZ010,18:00,Anandapuram,Airport
VZ010,19:00,Anandapuram,Airport
VZ010,20:00,Anandapuram,Airport
VZ010,21:00,Anandapuram,Airport
VZ010,22:00,Anandapuram,Airport
VZ011,05:00,Pendurthi,Marikavalasa
VZ011,06:00,Pendurthi,Marikavalasa
VZ011,07:00,Pendurthi,Marikavalasa
VZ011,08:00,Pendurthi,Marikavalasa
VZ011,09:00,Pendurthi,Marikavalasa
VZ011,10:00,Pendurthi,Marikavalasa
VZ011,11:00,Pendurthi,Marikavalasa
VZ011,12:00,Pendurthi,Marikavalasa
VZ011,13:00,Pendurthi,Marikavalasa
VZ011,14:00,Pendurthi,Marikavalasa
VZ011,15:00,Pendurthi,Marikavalasa
VZ011,16:00,Pendurthi,Marikavalasa
VZ011,17:00,Pendurthi,Marikavalasa
VZ011,18:00,Pendurthi,Marikavalasa
VZ011,19:00,Pendurthi,Marikavalasa
VZ011,20:00,Pendurthi,Marikavalasa
VZ011,21:00,Pendurthi,Marikavalasa
VZ011,22:00,Pendurthi,Marikavalasa
VZ012,05:00,Simhachalam,RTC Complex
VZ012,06:00,Simhachalam,RTC Complex
VZ012,07:00,Simhachalam,RTC Complex
VZ012,08:00,Simhachalam,RTC Complex
VZ012,09:00,Simhachalam,RTC Complex
VZ012,10:00,Simhachalam,RTC Complex
VZ012,11:00,Simhachalam,RTC Complex
VZ012,12:00,Simhachalam,RTC Complex
VZ012,13:00,Simhachalam,RTC Complex
VZ012,14:00,Simhachalam,RTC Complex
VZ012,15:00,Simhachalam,RTC Complex
VZ012,16:00,Simhachalam,RTC Complex
VZ012,17:00,Simhachalam,RTC Complex
VZ012,18:00,Simhachalam,RTC Complex
VZ012,19:00,Simhachalam,RTC Complex
VZ012,20:00,Simhachalam,RTC Complex
VZ012,21:00,Simhachalam,RTC Complex
VZ012,22:00,Simhachalam,RTC Complex
VZ013,05:00,Gopalapatnam,Jagadamba
VZ013,06:00,Gopalapatnam,Jagadamba
VZ013,07:00,Gopalapatnam,Jagadamba
VZ013,08:00,Gopalapatnam,Jagadamba
VZ013,09:00,Gopalapatnam,Jagadamba
VZ013,10:00,Gopalapatnam,Jagadamba
VZ013,11:00,Gopalapatnam,Jagadamba
VZ013,12:00,Gopalapatnam,Jagadamba
VZ013,13:00,Gopalapatnam,Jagadamba
VZ013,14:00,Gopalapatnam,Jagadamba
VZ013,15:00,Gopalapatnam,Jagadamba
VZ013,16:00,Gopalapatnam,Jagadamba
VZ013,17:00,Gopalapatnam,Jagadamba
VZ013,18:00,Gopalapatnam,Jagadamba
VZ013,19:00,Gopalapatnam,Jagadamba
VZ013,20:00,Gopalapatnam,Jagadamba
VZ013,21:00,Gopalapatnam,Jagadamba
VZ013,22:00,Gopalapatnam,Jagadamba
VZ014,05:00,NAD Junction,PM Palem
VZ014,06:00,NAD Junction,PM Palem
VZ014,07:00,NAD Junction,PM Palem
VZ014,08:00,NAD Junction,PM Palem
VZ014,09:00,NAD Junction,PM Palem
VZ014,10:00,NAD Junction,PM Palem
VZ014,11:00,NAD Junction,PM Palem
VZ014,12:00,NAD Junction,PM Palem
VZ014,13:00,NAD Junction,PM Palem
VZ014,14:00,NAD Junction,PM Palem
VZ014,15:00,NAD Junction,PM Palem
VZ014,16:00,NAD Junction,PM Palem
VZ014,17:00,NAD Junction,PM Palem
VZ014,18:00,NAD Junction,PM Palem
VZ014,19:00,NAD Junction,PM Palem
VZ014,20:00,NAD Junction,PM Palem
VZ014,21:00,NAD Junction,PM Palem
VZ014,22:00,NAD Junction,PM Palem
VZ015,05:00,Kancharapalem,Bheemili
VZ015,06:00,Kancharapalem,Bheemili
VZ015,07:00,Kancharapalem,Bheemili
VZ015,08:00,Kancharapalem,Bheemili
VZ015,09:00,Kancharapalem,Bheemili
VZ015,10:00,Kancharapalem,Bheemili
VZ015,11:00,Kancharapalem,Bheemili
VZ015,12:00,Kancharapalem,Bheemili
VZ015,13:00,Kancharapalem,Bheemili
VZ015,14:00,Kancharapalem,Bheemili
VZ015,15:00,Kancharapalem,Bheemili
VZ015,16:00,Kancharapalem,Bheemili
VZ015,17:00,Kancharapalem,Bheemili
VZ015,18:00,Kancharapalem,Bheemili
VZ015,19:00,Kancharapalem,Bheemili
VZ015,20:00,Kancharapalem,Bheemili
VZ015,21:00,Kancharapalem,Bheemili
VZ015,22:00,Kancharapalem,Bheemili
VZ016,05:00,Arilova,Simhachalam
VZ016,06:00,Arilova,Simhachalam
VZ016,07:00,Arilova,Simhachalam
VZ016,08:00,Arilova,Simhachalam
VZ016,09:00,Arilova,Simhachalam
VZ016,10:00,Arilova,Simhachalam
VZ016,11:00,Arilova,Simhachalam
VZ016,12:00,Arilova,Simhachalam
VZ016,13:00,Arilova,Simhachalam
VZ016,14:00,Arilova,Simhachalam
VZ016,15:00,Arilova,Simhachalam
VZ016,16:00,Arilova,Simhachalam
VZ016,17:00,Arilova,Simhachalam
VZ016,18:00,Arilova,Simhachalam
VZ016,19:00,Arilova,Simhachalam
VZ016,20:00,Arilova,Simhachalam
VZ016,21:00,Arilova,Simhachalam
VZ016,22:00,Arilova,Simhachalam
VZ017,05:00,HB Colony,Kancharapalem
VZ017,06:00,HB Colony,Kancharapalem
VZ017,07:00,HB Colony,Kancharapalem
VZ017,08:00,HB Colony,Kancharapalem
VZ017,09:00,HB Colony,Kancharapalem
VZ017,10:00,HB Colony,Kancharapalem
VZ017,11:00,HB Colony,Kancharapalem
VZ017,12:00,HB Colony,Kancharapalem
VZ017,13:00,HB Colony,Kancharapalem
VZ017,14:00,HB Colony,Kancharapalem
VZ017,15:00,HB Colony,Kancharapalem
VZ017,16:00,HB Colony,Kancharapalem
VZ017,17:00,HB Colony,Kancharapalem
VZ017,18:00,HB Colony,Kancharapalem
VZ017,19:00,HB Colony,Kancharapalem
VZ017,20:00,HB Colony,Kancharapalem
VZ017,21:00,HB Colony,Kancharapalem
VZ017,22:00,HB Colony,Kancharapalem
VZ018,05:00,Seethammadhara,Seethammadhara
VZ018,06:00,Seethammadhara,Seethammadhara
VZ018,07:00,Seethammadhara,Seethammadhara
VZ018,08:00,Seethammadhara,Seethammadhara
VZ018,09:00,Seethammadhara,Seethammadhara
VZ018,10:00,Seethammadhara,Seethammadhara
VZ018,11:00,Seethammadhara,Seethammadhara
VZ018,12:00,Seethammadhara,Seethammadhara
VZ018,13:00,Seethammadhara,Seethammadhara
VZ018,14:00,Seethammadhara,Seethammadhara
VZ018,15:00,Seethammadhara,Seethammadhara
VZ018,16:00,Seethammadhara,Seethammadhara
VZ018,17:00,Seethammadhara,Seethammadhara
VZ018,18:00,Seethammadhara,Seethammadhara
VZ018,19:00,Seethammadhara,Seethammadhara
VZ018,20:00,Seethammadhara,Seethammadhara
VZ018,21:00,Seethammadhara,Seethammadhara
VZ018,22:00,Seethammadhara,Seethammadhara
VZ019,05:00,Gajuwaka,Steel Plant
VZ019,06:00,Gajuwaka,Steel Plant
VZ019,07:00,Gajuwaka,Steel Plant
VZ019,08:00,Gajuwaka,Steel Plant
VZ019,09:00,Gajuwaka,Steel Plant
VZ019,10:00,Gajuwaka,Steel Plant
VZ019,11:00,Gajuwaka,Steel Plant
VZ019,12:00,Gajuwaka,Steel Plant
VZ019,13:00,Gajuwaka,Steel Plant
VZ019,14:00,Gajuwaka,Steel Plant
VZ019,15:00,Gajuwaka,Steel Plant
VZ019,16:00,Gajuwaka,Steel Plant
VZ019,17:00,Gajuwaka,Steel Plant
VZ019,18:00,Gajuwaka,Steel Plant
VZ019,19:00,Gajuwaka,Steel Plant
VZ019,20:00,Gajuwaka,Steel Plant
VZ019,21:00,Gajuwaka,Steel Plant
VZ019,22:00,Gajuwaka,Steel Plant
VZ020,05:00,Kurmannapalem,Anakapalle
VZ020,06:00,Kurmannapalem,Anakapalle
VZ020,07:00,Kurmannapalem,Anakapalle
VZ020,08:00,Kurmannapalem,Anakapalle
VZ020,09:00,Kurmannapalem,Anakapalle
VZ020,10:00,Kurmannapalem,Anakapalle
VZ020,11:00,Kurmannapalem,Anakapalle
VZ020,12:00,Kurmannapalem,Anakapalle
VZ020,13:00,Kurmannapalem,Anakapalle
VZ020,14:00,Kurmannapalem,Anakapalle
VZ020,15:00,Kurmannapalem,Anakapalle
VZ020,16:00,Kurmannapalem,Anakapalle
VZ020,17:00,Kurmannapalem,Anakapalle
VZ020,18:00,Kurmannapalem,Anakapalle
VZ020,19:00,Kurmannapalem,Anakapalle
VZ020,20:00,Kurmannapalem,Anakapalle
VZ020,21:00,Kurmannapalem,Anakapalle
VZ020,22:00,Kurmannapalem,Anakapalle
VZ021,05:00,Steel Plant,Duvvada
VZ021,06:00,Steel Plant,Duvvada
VZ021,07:00,Steel Plant,Duvvada
VZ021,08:00,Steel Plant,Duvvada
VZ021,09:00,Steel Plant,Duvvada
VZ021,10:00,Steel Plant,Duvvada
VZ021,11:00,Steel Plant,Duvvada
VZ021,12:00,Steel Plant,Duvvada
VZ021,13:00,Steel Plant,Duvvada
VZ021,14:00,Steel Plant,Duvvada
VZ021,15:00,Steel Plant,Duvvada
VZ021,16:00,Steel Plant,Duvvada
VZ021,17:00,Steel Plant,Duvvada
VZ021,18:00,Steel Plant,Duvvada
VZ021,19:00,Steel Plant,Duvvada
VZ021,20:00,Steel Plant,Duvvada
VZ021,21:00,Steel Plant,Duvvada
VZ021,22:00,Steel Plant,Duvvada
VZ022,05:00,Parawada,Airport
VZ022,06:00,Parawada,Airport
VZ022,07:00,Parawada,Airport
VZ022,08:00,Parawada,Airport
VZ022,09:00,Parawada,Airport
VZ022,10:00,Parawada,Airport
VZ022,11:00,Parawada,Airport
VZ022,12:00,Parawada,Airport
VZ022,13:00,Parawada,Airport
VZ022,14:00,Parawada,Airport
VZ022,15:00,Parawada,Airport
VZ022,16:00,Parawada,Airport
VZ022,17:00,Parawada,Airport
VZ022,18:00,Parawada,Airport
VZ022,19:00,Parawada,Airport
VZ022,20:00,Parawada,Airport
VZ022,21:00,Parawada,Airport
VZ022,22:00,Parawada,Airport
VZ023,05:00,Achutapuram,Marikavalasa
VZ023,06:00,Achutapuram,Marikavalasa
VZ023,07:00,Achutapuram,Marikavalasa
VZ023,08:00,Achutapuram,Marikavalasa
VZ023,09:00,Achutapuram,Marikavalasa
VZ023,10:00,Achutapuram,Marikavalasa
VZ023,11:00,Achutapuram,Marikavalasa
VZ023,12:00,Achutapuram,Marikavalasa
VZ023,13:00,Achutapuram,Marikavalasa
VZ023,14:00,Achutapuram,Marikavalasa
VZ023,15:00,Achutapuram,Marikavalasa
VZ023,16:00,Achutapuram,Marikavalasa
VZ023,17:00,Achutapuram,Marikavalasa
VZ023,18:00,Achutapuram,Marikavalasa
VZ023,19:00,Achutapuram,Marikavalasa
VZ023,20:00,Achutapuram,Marikavalasa
VZ023,21:00,Achutapuram,Marikavalasa
VZ023,22:00,Achutapuram,Marikavalasa
VZ024,05:00,Anakapalle,RTC Complex
VZ024,06:00,Anakapalle,RTC Complex
VZ024,07:00,Anakapalle,RTC Complex
VZ024,08:00,Anakapalle,RTC Complex
VZ024,09:00,Anakapalle,RTC Complex
VZ024,10:00,Anakapalle,RTC Complex
VZ024,11:00,Anakapalle,RTC Complex
VZ024,12:00,Anakapalle,RTC Complex
VZ024,13:00,Anakapalle,RTC Complex
VZ024,14:00,Anakapalle,RTC Complex
VZ024,15:00,Anakapalle,RTC Complex
VZ024,16:00,Anakapalle,RTC Complex
VZ024,17:00,Anakapalle,RTC Complex
VZ024,18:00,Anakapalle,RTC Complex
VZ024,19:00,Anakapalle,RTC Complex
VZ024,20:00,Anakapalle,RTC Complex
VZ024,21:00,Anakapalle,RTC Complex
VZ024,22:00,Anakapalle,RTC Complex
VZ025,05:00,Sabbavaram,Jagadamba
VZ025,06:00,Sabbavaram,Jagadamba
VZ025,07:00,Sabbavaram,Jagadamba
VZ025,08:00,Sabbavaram,Jagadamba
VZ025,09:00,Sabbavaram,Jagadamba
VZ025,10:00,Sabbavaram,Jagadamba
VZ025,11:00,Sabbavaram,Jagadamba
VZ025,12:00,Sabbavaram,Jagadamba
VZ025,13:00,Sabbavaram,Jagadamba
VZ025,14:00,Sabbavaram,Jagadamba
VZ025,15:00,Sabbavaram,Jagadamba
VZ025,16:00,Sabbavaram,Jagadamba
VZ025,17:00,Sabbavaram,Jagadamba
VZ025,18:00,Sabbavaram,Jagadamba
VZ025,19:00,Sabbavaram,Jagadamba
VZ025,20:00,Sabbavaram,Jagadamba
VZ025,21:00,Sabbavaram,Jagadamba
VZ025,22:00,Sabbavaram,Jagadamba
VZ026,05:00,Tagarapuvalasa,PM Palem
VZ026,06:00,Tagarapuvalasa,PM Palem
VZ026,07:00,Tagarapuvalasa,PM Palem
VZ026,08:00,Tagarapuvalasa,PM Palem
VZ026,09:00,Tagarapuvalasa,PM Palem
VZ026,10:00,Tagarapuvalasa,PM Palem
VZ026,11:00,Tagarapuvalasa,PM Palem
VZ026,12:00,Tagarapuvalasa,PM Palem
VZ026,13:00,Tagarapuvalasa,PM Palem
VZ026,14:00,Tagarapuvalasa,PM Palem
VZ026,15:00,Tagarapuvalasa,PM Palem
VZ026,16:00,Tagarapuvalasa,PM Palem
VZ026,17:00,Tagarapuvalasa,PM Palem
VZ026,18:00,Tagarapuvalasa,PM Palem
VZ026,19:00,Tagarapuvalasa,PM Palem
VZ026,20:00,Tagarapuvalasa,PM Palem
VZ026,21:00,Tagarapuvalasa,PM Palem
VZ026,22:00,Tagarapuvalasa,PM Palem
VZ027,05:00,Duvvada,Bheemili
VZ027,06:00,Duvvada,Bheemili
VZ027,07:00,Duvvada,Bheemili
VZ027,08:00,Duvvada,Bheemili
VZ027,09:00,Duvvada,Bheemili
VZ027,10:00,Duvvada,Bheemili
VZ027,11:00,Duvvada,Bheemili
VZ027,12:00,Duvvada,Bheemili
VZ027,13:00,Duvvada,Bheemili
VZ027,14:00,Duvvada,Bheemili
VZ027,15:00,Duvvada,Bheemili
VZ027,16:00,Duvvada,Bheemili
VZ027,17:00,Duvvada,Bheemili
VZ027,18:00,Duvvada,Bheemili
VZ027,19:00,Duvvada,Bheemili
VZ027,20:00,Duvvada,Bheemili
VZ027,21:00,Duvvada,Bheemili
VZ027,22:00,Duvvada,Bheemili
VZ028,05:00,Scindia,Simhachalam
VZ028,06:00,Scindia,Simhachalam
VZ028,07:00,Scindia,Simhachalam
VZ028,08:00,Scindia,Simhachalam
VZ028,09:00,Scindia,Simhachalam
VZ028,10:00,Scindia,Simhachalam
VZ028,11:00,Scindia,Simhachalam
VZ028,12:00,Scindia,Simhachalam
VZ028,13:00,Scindia,Simhachalam
VZ028,14:00,Scindia,Simhachalam
VZ028,15:00,Scindia,Simhachalam
VZ028,16:00,Scindia,Simhachalam
VZ028,17:00,Scindia,Simhachalam
VZ028,18:00,Scindia,Simhachalam
VZ028,19:00,Scindia,Simhachalam
VZ028,20:00,Scindia,Simhachalam
VZ028,21:00,Scindia,Simhachalam
VZ028,22:00,Scindia,Simhachalam
VZ029,05:00,Pedagantyada,Kancharapalem
VZ029,06:00,Pedagantyada,Kancharapalem
VZ029,07:00,Pedagantyada,Kancharapalem
VZ029,08:00,Pedagantyada,Kancharapalem
VZ029,09:00,Pedagantyada,Kancharapalem
VZ029,10:00,Pedagantyada,Kancharapalem
VZ029,11:00,Pedagantyada,Kancharapalem
VZ029,12:00,Pedagantyada,Kancharapalem
VZ029,13:00,Pedagantyada,Kancharapalem
VZ029,14:00,Pedagantyada,Kancharapalem
VZ029,15:00,Pedagantyada,Kancharapalem
VZ029,16:00,Pedagantyada,Kancharapalem
VZ029,17:00,Pedagantyada,Kancharapalem
VZ029,18:00,Pedagantyada,Kancharapalem
VZ029,19:00,Pedagantyada,Kancharapalem
VZ029,20:00,Pedagantyada,Kancharapalem
VZ029,21:00,Pedagantyada,Kancharapalem
VZ029,22:00,Pedagantyada,Kancharapalem
VZ030,05:00,Airport,Seethammadhara
VZ030,06:00,Airport,Seethammadhara
VZ030,07:00,Airport,Seethammadhara
VZ030,08:00,Airport,Seethammadhara
VZ030,09:00,Airport,Seethammadhara
VZ030,10:00,Airport,Seethammadhara
VZ030,11:00,Airport,Seethammadhara
VZ030,12:00,Airport,Seethammadhara
VZ030,13:00,Airport,Seethammadhara
VZ030,14:00,Airport,Seethammadhara
VZ030,15:00,Airport,Seethammadhara
VZ030,16:00,Airport,Seethammadhara
VZ030,17:00,Airport,Seethammadhara
VZ030,18:00,Airport,Seethammadhara
VZ030,19:00,Airport,Seethammadhara
VZ030,20:00,Airport,Seethammadhara
VZ030,21:00,Airport,Seethammadhara
VZ030,22:00,Airport,Seethammadhara
VZ031,05:00,Sagar Nagar,Steel Plant
VZ031,06:00,Sagar Nagar,Steel Plant
VZ031,07:00,Sagar Nagar,Steel Plant
VZ031,08:00,Sagar Nagar,Steel Plant
VZ031,09:00,Sagar Nagar,Steel Plant
VZ031,10:00,Sagar Nagar,Steel Plant
VZ031,11:00,Sagar Nagar,Steel Plant
VZ031,12:00,Sagar Nagar,Steel Plant
VZ031,13:00,Sagar Nagar,Steel Plant
VZ031,14:00,Sagar Nagar,Steel Plant
VZ031,15:00,Sagar Nagar,Steel Plant
VZ031,16:00,Sagar Nagar,Steel Plant
VZ031,17:00,Sagar Nagar,Steel Plant
VZ031,18:00,Sagar Nagar,Steel Plant
VZ031,19:00,Sagar Nagar,Steel Plant
VZ031,20:00,Sagar Nagar,Steel Plant
VZ031,21:00,Sagar Nagar,Steel Plant
VZ031,22:00,Sagar Nagar,Steel Plant
VZ032,05:00,Endada,Anakapalle
VZ032,06:00,Endada,Anakapalle
VZ032,07:00,Endada,Anakapalle
VZ032,08:00,Endada,Anakapalle
VZ032,09:00,Endada,Anakapalle
VZ032,10:00,Endada,Anakapalle
VZ032,11:00,Endada,Anakapalle
VZ032,12:00,Endada,Anakapalle
VZ032,13:00,Endada,Anakapalle
VZ032,14:00,Endada,Anakapalle
VZ032,15:00,Endada,Anakapalle
VZ032,16:00,Endada,Anakapalle
VZ032,17:00,Endada,Anakapalle
VZ032,18:00,Endada,Anakapalle
VZ032,19:00,Endada,Anakapalle
VZ032,20:00,Endada,Anakapalle
VZ032,21:00,Endada,Anakapalle
VZ032,22:00,Endada,Anakapalle
VZ033,05:00,Marikavalasa,Duvvada
VZ033,06:00,Marikavalasa,Duvvada
VZ033,07:00,Marikavalasa,Duvvada
VZ033,08:00,Marikavalasa,Duvvada
VZ033,09:00,Marikavalasa,Duvvada
VZ033,10:00,Marikavalasa,Duvvada
VZ033,11:00,Marikavalasa,Duvvada
VZ033,12:00,Marikavalasa,Duvvada
VZ033,13:00,Marikavalasa,Duvvada
VZ033,14:00,Marikavalasa,Duvvada
VZ033,15:00,Marikavalasa,Duvvada
VZ033,16:00,Marikavalasa,Duvvada
VZ033,17:00,Marikavalasa,Duvvada
VZ033,18:00,Marikavalasa,Duvvada
VZ033,19:00,Marikavalasa,Duvvada
VZ033,20:00,Marikavalasa,Duvvada
VZ033,21:00,Marikavalasa,Duvvada
VZ033,22:00,Marikavalasa,Duvvada
VZ034,05:00,Yendada,Airport
VZ034,06:00,Yendada,Airport
VZ034,07:00,Yendada,Airport
VZ034,08:00,Yendada,Airport
VZ034,09:00,Yendada,Airport
VZ034,10:00,Yendada,Airport
VZ034,11:00,Yendada,Airport
VZ034,12:00,Yendada,Airport
VZ034,13:00,Yendada,Airport
VZ034,14:00,Yendada,Airport
VZ034,15:00,Yendada,Airport
VZ034,16:00,Yendada,Airport
VZ034,17:00,Yendada,Airport
VZ034,18:00,Yendada,Airport
VZ034,19:00,Yendada,Airport
VZ034,20:00,Yendada,Airport
VZ034,21:00,Yendada,Airport
VZ034,22:00,Yendada,Airport
VZ035,05:00,Lawsons Bay,Marikavalasa
VZ035,06:00,Lawsons Bay,Marikavalasa
VZ035,07:00,Lawsons Bay,Marikavalasa
VZ035,08:00,Lawsons Bay,Marikavalasa
VZ035,09:00,Lawsons Bay,Marikavalasa
VZ035,10:00,Lawsons Bay,Marikavalasa
VZ035,11:00,Lawsons Bay,Marikavalasa
VZ035,12:00,Lawsons Bay,Marikavalasa
VZ035,13:00,Lawsons Bay,Marikavalasa
VZ035,14:00,Lawsons Bay,Marikavalasa
VZ035,15:00,Lawsons Bay,Marikavalasa
VZ035,16:00,Lawsons Bay,Marikavalasa
VZ035,17:00,Lawsons Bay,Marikavalasa
VZ035,18:00,Lawsons Bay,Marikavalasa
VZ035,19:00,Lawsons Bay,Marikavalasa
VZ035,20:00,Lawsons Bay,Marikavalasa
VZ035,21:00,Lawsons Bay,Marikavalasa
VZ035,22:00,Lawsons Bay,Marikavalasa
VZ036,05:00,RTC Complex,RTC Complex
VZ036,06:00,RTC Complex,RTC Complex
VZ036,07:00,RTC Complex,RTC Complex
VZ036,08:00,RTC Complex,RTC Complex
VZ036,09:00,RTC Complex,RTC Complex
VZ036,10:00,RTC Complex,RTC Complex
VZ036,11:00,RTC Complex,RTC Complex
VZ036,12:00,RTC Complex,RTC Complex
VZ036,13:00,RTC Complex,RTC Complex
VZ036,14:00,RTC Complex,RTC Complex
VZ036,15:00,RTC Complex,RTC Complex
VZ036,16:00,RTC Complex,RTC Complex
VZ036,17:00,RTC Complex,RTC Complex
VZ036,18:00,RTC Complex,RTC Complex
VZ036,19:00,RTC Complex,RTC Complex
VZ036,20:00,RTC Complex,RTC Complex
VZ036,21:00,RTC Complex,RTC Complex
VZ036,22:00,RTC Complex,RTC Complex
VZ037,05:00,Railway Station,Jagadamba
VZ037,06:00,Railway Station,Jagadamba
VZ037,07:00,Railway Station,Jagadamba
VZ037,08:00,Railway Station,Jagadamba
VZ037,09:00,Railway Station,Jagadamba
VZ037,10:00,Railway Station,Jagadamba
VZ037,11:00,Railway Station,Jagadamba
VZ037,12:00,Railway Station,Jagadamba
VZ037,13:00,Railway Station,Jagadamba
VZ037,14:00,Railway Station,Jagadamba
VZ037,15:00,Railway Station,Jagadamba
VZ037,16:00,Railway Station,Jagadamba
VZ037,17:00,Railway Station,Jagadamba
VZ037,18:00,Railway Station,Jagadamba
VZ037,19:00,Railway Station,Jagadamba
VZ037,20:00,Railway Station,Jagadamba
VZ037,21:00,Railway Station,Jagadamba
VZ037,22:00,Railway Station,Jagadamba
VZ038,05:00,Old Post Office,PM Palem
VZ038,06:00,Old Post Office,PM Palem
VZ038,07:00,Old Post Office,PM Palem
VZ038,08:00,Old Post Office,PM Palem
VZ038,09:00,Old Post Office,PM Palem
VZ038,10:00,Old Post Office,PM Palem
VZ038,11:00,Old Post Office,PM Palem
VZ038,12:00,Old Post Office,PM Palem
VZ038,13:00,Old Post Office,PM Palem
VZ038,14:00,Old Post Office,PM Palem
VZ038,15:00,Old Post Office,PM Palem
VZ038,16:00,Old Post Office,PM Palem
VZ038,17:00,Old Post Office,PM Palem
VZ038,18:00,Old Post Office,PM Palem
VZ038,19:00,Old Post Office,PM Palem
VZ038,20:00,Old Post Office,PM Palem
VZ038,21:00,Old Post Office,PM Palem
VZ038,22:00,Old Post Office,PM Palem
VZ039,05:00,Jagadamba,Bheemili
VZ039,06:00,Jagadamba,Bheemili
VZ039,07:00,Jagadamba,Bheemili
VZ039,08:00,Jagadamba,Bheemili
VZ039,09:00,Jagadamba,Bheemili
VZ039,10:00,Jagadamba,Bheemili
VZ039,11:00,Jagadamba,Bheemili
VZ039,12:00,Jagadamba,Bheemili
VZ039,13:00,Jagadamba,Bheemili
VZ039,14:00,Jagadamba,Bheemili
VZ039,15:00,Jagadamba,Bheemili
VZ039,16:00,Jagadamba,Bheemili
VZ039,17:00,Jagadamba,Bheemili
VZ039,18:00,Jagadamba,Bheemili
VZ039,19:00,Jagadamba,Bheemili
VZ039,20:00,Jagadamba,Bheemili
VZ039,21:00,Jagadamba,Bheemili
VZ039,22:00,Jagadamba,Bheemili
VZ040,05:00,Maddilapalem,Simhachalam
VZ040,06:00,Maddilapalem,Simhachalam
VZ040,07:00,Maddilapalem,Simhachalam
VZ040,08:00,Maddilapalem,Simhachalam
VZ040,09:00,Maddilapalem,Simhachalam
VZ040,10:00,Maddilapalem,Simhachalam
VZ040,11:00,Maddilapalem,Simhachalam
VZ040,12:00,Maddilapalem,Simhachalam
VZ040,13:00,Maddilapalem,Simhachalam
VZ040,14:00,Maddilapalem,Simhachalam
VZ040,15:00,Maddilapalem,Simhachalam
VZ040,16:00,Maddilapalem,Simhachalam
VZ040,17:00,Maddilapalem,Simhachalam
VZ040,18:00,Maddilapalem,Simhachalam
VZ040,19:00,Maddilapalem,Simhachalam
VZ040,20:00,Maddilapalem,Simhachalam
VZ040,21:00,Maddilapalem,Simhachalam
VZ040,22:00,Maddilapalem,Simhachalam
VZ041,05:00,MVP Colony,Kancharapalem
VZ041,06:00,MVP Colony,Kancharapalem
VZ041,07:00,MVP Colony,Kancharapalem
VZ041,08:00,MVP Colony,Kancharapalem
VZ041,09:00,MVP Colony,Kancharapalem
VZ041,10:00,MVP Colony,Kancharapalem
VZ041,11:00,MVP Colony,Kancharapalem
VZ041,12:00,MVP Colony,Kancharapalem
VZ041,13:00,MVP Colony,Kancharapalem
VZ041,14:00,MVP Colony,Kancharapalem
VZ041,15:00,MVP Colony,Kancharapalem
VZ041,16:00,MVP Colony,Kancharapalem
VZ041,17:00,MVP Colony,Kancharapalem
VZ041,18:00,MVP Colony,Kancharapalem
VZ041,19:00,MVP Colony,Kancharapalem
VZ041,20:00,MVP Colony,Kancharapalem
VZ041,21:00,MVP Colony,Kancharapalem
VZ041,22:00,MVP Colony,Kancharapalem
VZ042,05:00,PM Palem,Seethammadhara
VZ042,06:00,PM Palem,Seethammadhara
VZ042,07:00,PM Palem,Seethammadhara
VZ042,08:00,PM Palem,Seethammadhara
VZ042,09:00,PM Palem,Seethammadhara
VZ042,10:00,PM Palem,Seethammadhara
VZ042,11:00,PM Palem,Seethammadhara
VZ042,12:00,PM Palem,Seethammadhara
VZ042,13:00,PM Palem,Seethammadhara
VZ042,14:00,PM Palem,Seethammadhara
VZ042,15:00,PM Palem,Seethammadhara
VZ042,16:00,PM Palem,Seethammadhara
VZ042,17:00,PM Palem,Seethammadhara
VZ042,18:00,PM Palem,Seethammadhara
VZ042,19:00,PM Palem,Seethammadhara
VZ042,20:00,PM Palem,Seethammadhara
VZ042,21:00,PM Palem,Seethammadhara
VZ042,22:00,PM Palem,Seethammadhara
VZ043,05:00,Madhurawada,Steel Plant
VZ043,06:00,Madhurawada,Steel Plant
VZ043,07:00,Madhurawada,Steel Plant
VZ043,08:00,Madhurawada,Steel Plant
VZ043,09:00,Madhurawada,Steel Plant
VZ043,10:00,Madhurawada,Steel Plant
VZ043,11:00,Madhurawada,Steel Plant
VZ043,12:00,Madhurawada,Steel Plant
VZ043,13:00,Madhurawada,Steel Plant
VZ043,14:00,Madhurawada,Steel Plant
VZ043,15:00,Madhurawada,Steel Plant
VZ043,16:00,Madhurawada,Steel Plant
VZ043,17:00,Madhurawada,Steel Plant
VZ043,18:00,Madhurawada,Steel Plant
VZ043,19:00,Madhurawada,Steel Plant
VZ043,20:00,Madhurawada,Steel Plant
VZ043,21:00,Madhurawada,Steel Plant
VZ043,22:00,Madhurawada,Steel Plant
VZ044,05:00,Rushikonda,Anakapalle
VZ044,06:00,Rushikonda,Anakapalle
VZ044,07:00,Rushikonda,Anakapalle
VZ044,08:00,Rushikonda,Anakapalle
VZ044,09:00,Rushikonda,Anakapalle
VZ044,10:00,Rushikonda,Anakapalle
VZ044,11:00,Rushikonda,Anakapalle
VZ044,12:00,Rushikonda,Anakapalle
VZ044,13:00,Rushikonda,Anakapalle
VZ044,14:00,Rushikonda,Anakapalle
VZ044,15:00,Rushikonda,Anakapalle
VZ044,16:00,Rushikonda,Anakapalle
VZ044,17:00,Rushikonda,Anakapalle
VZ044,18:00,Rushikonda,Anakapalle
VZ044,19:00,Rushikonda,Anakapalle
VZ044,20:00,Rushikonda,Anakapalle
VZ044,21:00,Rushikonda,Anakapalle
VZ044,22:00,Rushikonda,Anakapalle
VZ045,05:00,Bheemili,Duvvada
VZ045,06:00,Bheemili,Duvvada
VZ045,07:00,Bheemili,Duvvada
VZ045,08:00,Bheemili,Duvvada
VZ045,09:00,Bheemili,Duvvada
VZ045,10:00,Bheemili,Duvvada
VZ045,11:00,Bheemili,Duvvada
VZ045,12:00,Bheemili,Duvvada
VZ045,13:00,Bheemili,Duvvada
VZ045,14:00,Bheemili,Duvvada
VZ045,15:00,Bheemili,Duvvada
VZ045,16:00,Bheemili,Duvvada
VZ045,17:00,Bheemili,Duvvada
VZ045,18:00,Bheemili,Duvvada
VZ045,19:00,Bheemili,Duvvada
VZ045,20:00,Bheemili,Duvvada
VZ045,21:00,Bheemili,Duvvada
VZ045,22:00,Bheemili,Duvvada
VZ046,05:00,Anandapuram,Airport
VZ046,06:00,Anandapuram,Airport
VZ046,07:00,Anandapuram,Airport
VZ046,08:00,Anandapuram,Airport
VZ046,09:00,Anandapuram,Airport
VZ046,10:00,Anandapuram,Airport
VZ046,11:00,Anandapuram,Airport
VZ046,12:00,Anandapuram,Airport
VZ046,13:00,Anandapuram,Airport
VZ046,14:00,Anandapuram,Airport
VZ046,15:00,Anandapuram,Airport
VZ046,16:00,Anandapuram,Airport
VZ046,17:00,Anandapuram,Airport
VZ046,18:00,Anandapuram,Airport
VZ046,19:00,Anandapuram,Airport
VZ046,20:00,Anandapuram,Airport
VZ046,21:00,Anandapuram,Airport
VZ046,22:00,Anandapuram,Airport
VZ047,05:00,Pendurthi,Marikavalasa
VZ047,06:00,Pendurthi,Marikavalasa
VZ047,07:00,Pendurthi,Marikavalasa
VZ047,08:00,Pendurthi,Marikavalasa
VZ047,09:00,Pendurthi,Marikavalasa
VZ047,10:00,Pendurthi,Marikavalasa
VZ047,11:00,Pendurthi,Marikavalasa
VZ047,12:00,Pendurthi,Marikavalasa
VZ047,13:00,Pendurthi,Marikavalasa
VZ047,14:00,Pendurthi,Marikavalasa
VZ047,15:00,Pendurthi,Marikavalasa
VZ047,16:00,Pendurthi,Marikavalasa
VZ047,17:00,Pendurthi,Marikavalasa
VZ047,18:00,Pendurthi,Marikavalasa
VZ047,19:00,Pendurthi,Marikavalasa
VZ047,20:00,Pendurthi,Marikavalasa
VZ047,21:00,Pendurthi,Marikavalasa
VZ047,22:00,Pendurthi,Marikavalasa
VZ048,05:00,Simhachalam,RTC Complex
VZ048,06:00,Simhachalam,RTC Complex
VZ048,07:00,Simhachalam,RTC Complex
VZ048,08:00,Simhachalam,RTC Complex
VZ048,09:00,Simhachalam,RTC Complex
VZ048,10:00,Simhachalam,RTC Complex
VZ048,11:00,Simhachalam,RTC Complex
VZ048,12:00,Simhachalam,RTC Complex
VZ048,13:00,Simhachalam,RTC Complex
VZ048,14:00,Simhachalam,RTC Complex
VZ048,15:00,Simhachalam,RTC Complex
VZ048,16:00,Simhachalam,RTC Complex
VZ048,17:00,Simhachalam,RTC Complex
VZ048,18:00,Simhachalam,RTC Complex
VZ048,19:00,Simhachalam,RTC Complex
VZ048,20:00,Simhachalam,RTC Complex
VZ048,21:00,Simhachalam,RTC Complex
VZ048,22:00,Simhachalam,RTC Complex
VZ049,05:00,Gopalapatnam,Jagadamba
VZ049,06:00,Gopalapatnam,Jagadamba
VZ049,07:00,Gopalapatnam,Jagadamba
VZ049,08:00,Gopalapatnam,Jagadamba
VZ049,09:00,Gopalapatnam,Jagadamba
VZ049,10:00,Gopalapatnam,Jagadamba
VZ049,11:00,Gopalapatnam,Jagadamba
VZ049,12:00,Gopalapatnam,Jagadamba
VZ049,13:00,Gopalapatnam,Jagadamba
VZ049,14:00,Gopalapatnam,Jagadamba
VZ049,15:00,Gopalapatnam,Jagadamba
VZ049,16:00,Gopalapatnam,Jagadamba
VZ049,17:00,Gopalapatnam,Jagadamba
VZ049,18:00,Gopalapatnam,Jagadamba
VZ049,19:00,Gopalapatnam,Jagadamba
VZ049,20:00,Gopalapatnam,Jagadamba
VZ049,21:00,Gopalapatnam,Jagadamba
VZ049,22:00,Gopalapatnam,Jagadamba
VZ050,05:00,NAD Junction,PM Palem
VZ050,06:00,NAD Junction,PM Palem
VZ050,07:00,NAD Junction,PM Palem
VZ050,08:00,NAD Junction,PM Palem
VZ050,09:00,NAD Junction,PM Palem
VZ050,10:00,NAD Junction,PM Palem
VZ050,11:00,NAD Junction,PM Palem
VZ050,12:00,NAD Junction,PM Palem
VZ050,13:00,NAD Junction,PM Palem
VZ050,14:00,NAD Junction,PM Palem
VZ050,15:00,NAD Junction,PM Palem
VZ050,16:00,NAD Junction,PM Palem
VZ050,17:00,NAD Junction,PM Palem
VZ050,18:00,NAD Junction,PM Palem
VZ050,19:00,NAD Junction,PM Palem
VZ050,20:00,NAD Junction,PM Palem
VZ050,21:00,NAD Junction,PM Palem
VZ050,22:00,NAD Junction,PM Palem
VZ051,05:00,Kancharapalem,Bheemili
VZ051,06:00,Kancharapalem,Bheemili
VZ051,07:00,Kancharapalem,Bheemili
VZ051,08:00,Kancharapalem,Bheemili
VZ051,09:00,Kancharapalem,Bheemili
VZ051,10:00,Kancharapalem,Bheemili
VZ051,11:00,Kancharapalem,Bheemili
VZ051,12:00,Kancharapalem,Bheemili
VZ051,13:00,Kancharapalem,Bheemili
VZ051,14:00,Kancharapalem,Bheemili
VZ051,15:00,Kancharapalem,Bheemili
VZ051,16:00,Kancharapalem,Bheemili
VZ051,17:00,Kancharapalem,Bheemili
VZ051,18:00,Kancharapalem,Bheemili
VZ051,19:00,Kancharapalem,Bheemili
VZ051,20:00,Kancharapalem,Bheemili
VZ051,21:00,Kancharapalem,Bheemili
VZ051,22:00,Kancharapalem,Bheemili
VZ052,05:00,Arilova,Simhachalam
VZ052,06:00,Arilova,Simhachalam
VZ052,07:00,Arilova,Simhachalam
VZ052,08:00,Arilova,Simhachalam
VZ052,09:00,Arilova,Simhachalam
VZ052,10:00,Arilova,Simhachalam
VZ052,11:00,Arilova,Simhachalam
VZ052,12:00,Arilova,Simhachalam
VZ052,13:00,Arilova,Simhachalam
VZ052,14:00,Arilova,Simhachalam
VZ052,15:00,Arilova,Simhachalam
VZ052,16:00,Arilova,Simhachalam
VZ052,17:00,Arilova,Simhachalam
VZ052,18:00,Arilova,Simhachalam
VZ052,19:00,Arilova,Simhachalam
VZ052,20:00,Arilova,Simhachalam
VZ052,21:00,Arilova,Simhachalam
VZ052,22:00,Arilova,Simhachalam
VZ053,05:00,HB Colony,Kancharapalem
VZ053,06:00,HB Colony,Kancharapalem
VZ053,07:00,HB Colony,Kancharapalem
VZ053,08:00,HB Colony,Kancharapalem
VZ053,09:00,HB Colony,Kancharapalem
VZ053,10:00,HB Colony,Kancharapalem
VZ053,11:00,HB Colony,Kancharapalem
VZ053,12:00,HB Colony,Kancharapalem
VZ053,13:00,HB Colony,Kancharapalem
VZ053,14:00,HB Colony,Kancharapalem
VZ053,15:00,HB Colony,Kancharapalem
VZ053,16:00,HB Colony,Kancharapalem
VZ053,17:00,HB Colony,Kancharapalem
VZ053,18:00,HB Colony,Kancharapalem
VZ053,19:00,HB Colony,Kancharapalem
VZ053,20:00,HB Colony,Kancharapalem
VZ053,21:00,HB Colony,Kancharapalem
VZ053,22:00,HB Colony,Kancharapalem
VZ054,05:00,Seethammadhara,Seethammadhara
VZ054,06:00,Seethammadhara,Seethammadhara
VZ054,07:00,Seethammadhara,Seethammadhara
VZ054,08:00,Seethammadhara,Seethammadhara
VZ054,09:00,Seethammadhara,Seethammadhara
VZ054,10:00,Seethammadhara,Seethammadhara
VZ054,11:00,Seethammadhara,Seethammadhara
VZ054,12:00,Seethammadhara,Seethammadhara
VZ054,13:00,Seethammadhara,Seethammadhara
VZ054,14:00,Seethammadhara,Seethammadhara
VZ054,15:00,Seethammadhara,Seethammadhara
VZ054,16:00,Seethammadhara,Seethammadhara
VZ054,17:00,Seethammadhara,Seethammadhara
VZ054,18:00,Seethammadhara,Seethammadhara
VZ054,19:00,Seethammadhara,Seethammadhara
VZ054,20:00,Seethammadhara,Seethammadhara
VZ054,21:00,Seethammadhara,Seethammadhara
VZ054,22:00,Seethammadhara,Seethammadhara
VZ055,05:00,Gajuwaka,Steel Plant
VZ055,06:00,Gajuwaka,Steel Plant
VZ055,07:00,Gajuwaka,Steel Plant
VZ055,08:00,Gajuwaka,Steel Plant
VZ055,09:00,Gajuwaka,Steel Plant
VZ055,10:00,Gajuwaka,Steel Plant
VZ055,11:00,Gajuwaka,Steel Plant
VZ055,12:00,Gajuwaka,Steel Plant
VZ055,13:00,Gajuwaka,Steel Plant
VZ055,14:00,Gajuwaka,Steel Plant
VZ055,15:00,Gajuwaka,Steel Plant
VZ055,16:00,Gajuwaka,Steel Plant
VZ055,17:00,Gajuwaka,Steel Plant
VZ055,18:00,Gajuwaka,Steel Plant
VZ055,19:00,Gajuwaka,Steel Plant
VZ055,20:00,Gajuwaka,Steel Plant
VZ055,21:00,Gajuwaka,Steel Plant
VZ055,22:00,Gajuwaka,Steel Plant
VZ056,05:00,Kurmannapalem,Anakapalle
VZ056,06:00,Kurmannapalem,Anakapalle
VZ056,07:00,Kurmannapalem,Anakapalle
VZ056,08:00,Kurmannapalem,Anakapalle
VZ056,09:00,Kurmannapalem,Anakapalle
VZ056,10:00,Kurmannapalem,Anakapalle
VZ056,11:00,Kurmannapalem,Anakapalle
VZ056,12:00,Kurmannapalem,Anakapalle
VZ056,13:00,Kurmannapalem,Anakapalle
VZ056,14:00,Kurmannapalem,Anakapalle
VZ056,15:00,Kurmannapalem,Anakapalle
VZ056,16:00,Kurmannapalem,Anakapalle
VZ056,17:00,Kurmannapalem,Anakapalle
VZ056,18:00,Kurmannapalem,Anakapalle
VZ056,19:00,Kurmannapalem,Anakapalle
VZ056,20:00,Kurmannapalem,Anakapalle
VZ056,21:00,Kurmannapalem,Anakapalle
VZ056,22:00,Kurmannapalem,Anakapalle
VZ057,05:00,Steel Plant,Duvvada
VZ057,06:00,Steel Plant,Duvvada
VZ057,07:00,Steel Plant,Duvvada
VZ057,08:00,Steel Plant,Duvvada
VZ057,09:00,Steel Plant,Duvvada
VZ057,10:00,Steel Plant,Duvvada
VZ057,11:00,Steel Plant,Duvvada
VZ057,12:00,Steel Plant,Duvvada
VZ057,13:00,Steel Plant,Duvvada
VZ057,14:00,Steel Plant,Duvvada
VZ057,15:00,Steel Plant,Duvvada
VZ057,16:00,Steel Plant,Duvvada
VZ057,17:00,Steel Plant,Duvvada
VZ057,18:00,Steel Plant,Duvvada
VZ057,19:00,Steel Plant,Duvvada
VZ057,20:00,Steel Plant,Duvvada
VZ057,21:00,Steel Plant,Duvvada
VZ057,22:00,Steel Plant,Duvvada
VZ058,05:00,Parawada,Airport
VZ058,06:00,Parawada,Airport
VZ058,07:00,Parawada,Airport
VZ058,08:00,Parawada,Airport
VZ058,09:00,Parawada,Airport
VZ058,10:00,Parawada,Airport
VZ058,11:00,Parawada,Airport
VZ058,12:00,Parawada,Airport
VZ058,13:00,Parawada,Airport
VZ058,14:00,Parawada,Airport
VZ058,15:00,Parawada,Airport
VZ058,16:00,Parawada,Airport
VZ058,17:00,Parawada,Airport
VZ058,18:00,Parawada,Airport
VZ058,19:00,Parawada,Airport
VZ058,20:00,Parawada,Airport
VZ058,21:00,Parawada,Airport
VZ058,22:00,Parawada,Airport
VZ059,05:00,Achutapuram,Marikavalasa
VZ059,06:00,Achutapuram,Marikavalasa
VZ059,07:00,Achutapuram,Marikavalasa
VZ059,08:00,Achutapuram,Marikavalasa
VZ059,09:00,Achutapuram,Marikavalasa
VZ059,10:00,Achutapuram,Marikavalasa
VZ059,11:00,Achutapuram,Marikavalasa
VZ059,12:00,Achutapuram,Marikavalasa
VZ059,13:00,Achutapuram,Marikavalasa
VZ059,14:00,Achutapuram,Marikavalasa
VZ059,15:00,Achutapuram,Marikavalasa
VZ059,16:00,Achutapuram,Marikavalasa
VZ059,17:00,Achutapuram,Marikavalasa
VZ059,18:00,Achutapuram,Marikavalasa
VZ059,19:00,Achutapuram,Marikavalasa
VZ059,20:00,Achutapuram,Marikavalasa
VZ059,21:00,Achutapuram,Marikavalasa
VZ059,22:00,Achutapuram,Marikavalasa
VZ060,05:00,Anakapalle,RTC Complex
VZ060,06:00,Anakapalle,RTC Complex
VZ060,07:00,Anakapalle,RTC Complex
VZ060,08:00,Anakapalle,RTC Complex
VZ060,09:00,Anakapalle,RTC Complex
VZ060,10:00,Anakapalle,RTC Complex
VZ060,11:00,Anakapalle,RTC Complex
VZ060,12:00,Anakapalle,RTC Complex
VZ060,13:00,Anakapalle,RTC Complex
VZ060,14:00,Anakapalle,RTC Complex
VZ060,15:00,Anakapalle,RTC Complex
VZ060,16:00,Anakapalle,RTC Complex
VZ060,17:00,Anakapalle,RTC Complex
VZ060,18:00,Anakapalle,RTC Complex
VZ060,19:00,Anakapalle,RTC Complex
VZ060,20:00,Anakapalle,RTC Complex
VZ060,21:00,Anakapalle,RTC Complex
VZ060,22:00,Anakapalle,RTC Complex
VZ061,05:00,Sabbavaram,Jagadamba
VZ061,06:00,Sabbavaram,Jagadamba
VZ061,07:00,Sabbavaram,Jagadamba
VZ061,08:00,Sabbavaram,Jagadamba
VZ061,09:00,Sabbavaram,Jagadamba
VZ061,10:00,Sabbavaram,Jagadamba
VZ061,11:00,Sabbavaram,Jagadamba
VZ061,12:00,Sabbavaram,Jagadamba
VZ061,13:00,Sabbavaram,Jagadamba
VZ061,14:00,Sabbavaram,Jagadamba
VZ061,15:00,Sabbavaram,Jagadamba
VZ061,16:00,Sabbavaram,Jagadamba
VZ061,17:00,Sabbavaram,Jagadamba
VZ061,18:00,Sabbavaram,Jagadamba
VZ061,19:00,Sabbavaram,Jagadamba
VZ061,20:00,Sabbavaram,Jagadamba
VZ061,21:00,Sabbavaram,Jagadamba
VZ061,22:00,Sabbavaram,Jagadamba
VZ062,05:00,Tagarapuvalasa,PM Palem
VZ062,06:00,Tagarapuvalasa,PM Palem
VZ062,07:00,Tagarapuvalasa,PM Palem
VZ062,08:00,Tagarapuvalasa,PM Palem
VZ062,09:00,Tagarapuvalasa,PM Palem
VZ062,10:00,Tagarapuvalasa,PM Palem
VZ062,11:00,Tagarapuvalasa,PM Palem
VZ062,12:00,Tagarapuvalasa,PM Palem
VZ062,13:00,Tagarapuvalasa,PM Palem
VZ062,14:00,Tagarapuvalasa,PM Palem
VZ062,15:00,Tagarapuvalasa,PM Palem
VZ062,16:00,Tagarapuvalasa,PM Palem
VZ062,17:00,Tagarapuvalasa,PM Palem
VZ062,18:00,Tagarapuvalasa,PM Palem
VZ062,19:00,Tagarapuvalasa,PM Palem
VZ062,20:00,Tagarapuvalasa,PM Palem
VZ062,21:00,Tagarapuvalasa,PM Palem
VZ062,22:00,Tagarapuvalasa,PM Palem
VZ063,05:00,Duvvada,Bheemili
VZ063,06:00,Duvvada,Bheemili
VZ063,07:00,Duvvada,Bheemili
VZ063,08:00,Duvvada,Bheemili
VZ063,09:00,Duvvada,Bheemili
VZ063,10:00,Duvvada,Bheemili
VZ063,11:00,Duvvada,Bheemili
VZ063,12:00,Duvvada,Bheemili
VZ063,13:00,Duvvada,Bheemili
VZ063,14:00,Duvvada,Bheemili
VZ063,15:00,Duvvada,Bheemili
VZ063,16:00,Duvvada,Bheemili
VZ063,17:00,Duvvada,Bheemili
VZ063,18:00,Duvvada,Bheemili
VZ063,19:00,Duvvada,Bheemili
VZ063,20:00,Duvvada,Bheemili
VZ063,21:00,Duvvada,Bheemili
VZ063,22:00,Duvvada,Bheemili
VZ064,05:00,Scindia,Simhachalam
VZ064,06:00,Scindia,Simhachalam
VZ064,07:00,Scindia,Simhachalam
VZ064,08:00,Scindia,Simhachalam
VZ064,09:00,Scindia,Simhachalam
VZ064,10:00,Scindia,Simhachalam
VZ064,11:00,Scindia,Simhachalam
VZ064,12:00,Scindia,Simhachalam
VZ064,13:00,Scindia,Simhachalam
VZ064,14:00,Scindia,Simhachalam
VZ064,15:00,Scindia,Simhachalam
VZ064,16:00,Scindia,Simhachalam
VZ064,17:00,Scindia,Simhachalam
VZ064,18:00,Scindia,Simhachalam
VZ064,19:00,Scindia,Simhachalam
VZ064,20:00,Scindia,Simhachalam
VZ064,21:00,Scindia,Simhachalam
VZ064,22:00,Scindia,Simhachalam
VZ065,05:00,Pedagantyada,Kancharapalem
VZ065,06:00,Pedagantyada,Kancharapalem
VZ065,07:00,Pedagantyada,Kancharapalem
VZ065,08:00,Pedagantyada,Kancharapalem
VZ065,09:00,Pedagantyada,Kancharapalem
VZ065,10:00,Pedagantyada,Kancharapalem
VZ065,11:00,Pedagantyada,Kancharapalem
VZ065,12:00,Pedagantyada,Kancharapalem
VZ065,13:00,Pedagantyada,Kancharapalem
VZ065,14:00,Pedagantyada,Kancharapalem
VZ065,15:00,Pedagantyada,Kancharapalem
VZ065,16:00,Pedagantyada,Kancharapalem
VZ065,17:00,Pedagantyada,Kancharapalem
VZ065,18:00,Pedagantyada,Kancharapalem
VZ065,19:00,Pedagantyada,Kancharapalem
VZ065,20:00,Pedagantyada,Kancharapalem
VZ065,21:00,Pedagantyada,Kancharapalem
VZ065,22:00,Pedagantyada,Kancharapalem
VZ066,05:00,Airport,Seethammadhara
VZ066,06:00,Airport,Seethammadhara
VZ066,07:00,Airport,Seethammadhara
VZ066,08:00,Airport,Seethammadhara
VZ066,09:00,Airport,Seethammadhara
VZ066,10:00,Airport,Seethammadhara
VZ066,11:00,Airport,Seethammadhara
VZ066,12:00,Airport,Seethammadhara
VZ066,13:00,Airport,Seethammadhara
VZ066,14:00,Airport,Seethammadhara
VZ066,15:00,Airport,Seethammadhara
VZ066,16:00,Airport,Seethammadhara
VZ066,17:00,Airport,Seethammadhara
VZ066,18:00,Airport,Seethammadhara
VZ066,19:00,Airport,Seethammadhara
VZ066,20:00,Airport,Seethammadhara
VZ066,21:00,Airport,Seethammadhara
VZ066,22:00,Airport,Seethammadhara
VZ067,05:00,Sagar Nagar,Steel Plant
VZ067,06:00,Sagar Nagar,Steel Plant
VZ067,07:00,Sagar Nagar,Steel Plant
VZ067,08:00,Sagar Nagar,Steel Plant
VZ067,09:00,Sagar Nagar,Steel Plant
VZ067,10:00,Sagar Nagar,Steel Plant
VZ067,11:00,Sagar Nagar,Steel Plant
VZ067,12:00,Sagar Nagar,Steel Plant
VZ067,13:00,Sagar Nagar,Steel Plant
VZ067,14:00,Sagar Nagar,Steel Plant
VZ067,15:00,Sagar Nagar,Steel Plant
VZ067,16:00,Sagar Nagar,Steel Plant
VZ067,17:00,Sagar Nagar,Steel Plant
VZ067,18:00,Sagar Nagar,Steel Plant
VZ067,19:00,Sagar Nagar,Steel Plant
VZ067,20:00,Sagar Nagar,Steel Plant
VZ067,21:00,Sagar Nagar,Steel Plant
VZ067,22:00,Sagar Nagar,Steel Plant
VZ068,05:00,Endada,Anakapalle
VZ068,06:00,Endada,Anakapalle
VZ068,07:00,Endada,Anakapalle
VZ068,08:00,Endada,Anakapalle
VZ068,09:00,Endada,Anakapalle
VZ068,10:00,Endada,Anakapalle
VZ068,11:00,Endada,Anakapalle
VZ068,12:00,Endada,Anakapalle
VZ068,13:00,Endada,Anakapalle
VZ068,14:00,Endada,Anakapalle
VZ068,15:00,Endada,Anakapalle
VZ068,16:00,Endada,Anakapalle
VZ068,17:00,Endada,Anakapalle
VZ068,18:00,Endada,Anakapalle
VZ068,19:00,Endada,Anakapalle
VZ068,20:00,Endada,Anakapalle
VZ068,21:00,Endada,Anakapalle
VZ068,22:00,Endada,Anakapalle
VZ069,05:00,Marikavalasa,Duvvada
VZ069,06:00,Marikavalasa,Duvvada
VZ069,07:00,Marikavalasa,Duvvada
VZ069,08:00,Marikavalasa,Duvvada
VZ069,09:00,Marikavalasa,Duvvada
VZ069,10:00,Marikavalasa,Duvvada
VZ069,11:00,Marikavalasa,Duvvada
VZ069,12:00,Marikavalasa,Duvvada
VZ069,13:00,Marikavalasa,Duvvada
VZ069,14:00,Marikavalasa,Duvvada
VZ069,15:00,Marikavalasa,Duvvada
VZ069,16:00,Marikavalasa,Duvvada
VZ069,17:00,Marikavalasa,Duvvada
VZ069,18:00,Marikavalasa,Duvvada
VZ069,19:00,Marikavalasa,Duvvada
VZ069,20:00,Marikavalasa,Duvvada
VZ069,21:00,Marikavalasa,Duvvada
VZ069,22:00,Marikavalasa,Duvvada
VZ070,05:00,Yendada,Airport
VZ070,06:00,Yendada,Airport
VZ070,07:00,Yendada,Airport
VZ070,08:00,Yendada,Airport
VZ070,09:00,Yendada,Airport
VZ070,10:00,Yendada,Airport
VZ070,11:00,Yendada,Airport
VZ070,12:00,Yendada,Airport
VZ070,13:00,Yendada,Airport
VZ070,14:00,Yendada,Airport
VZ070,15:00,Yendada,Airport
VZ070,16:00,Yendada,Airport
VZ070,17:00,Yendada,Airport
VZ070,18:00,Yendada,Airport
VZ070,19:00,Yendada,Airport
VZ070,20:00,Yendada,Airport
VZ070,21:00,Yendada,Airport
VZ070,22:00,Yendada,Airport
VZ071,05:00,Lawsons Bay,Marikavalasa
VZ071,06:00,Lawsons Bay,Marikavalasa
VZ071,07:00,Lawsons Bay,Marikavalasa
VZ071,08:00,Lawsons Bay,Marikavalasa
VZ071,09:00,Lawsons Bay,Marikavalasa
VZ071,10:00,Lawsons Bay,Marikavalasa
VZ071,11:00,Lawsons Bay,Marikavalasa
VZ071,12:00,Lawsons Bay,Marikavalasa
VZ071,13:00,Lawsons Bay,Marikavalasa
VZ071,14:00,Lawsons Bay,Marikavalasa
VZ071,15:00,Lawsons Bay,Marikavalasa
VZ071,16:00,Lawsons Bay,Marikavalasa
VZ071,17:00,Lawsons Bay,Marikavalasa
VZ071,18:00,Lawsons Bay,Marikavalasa
VZ071,19:00,Lawsons Bay,Marikavalasa
VZ071,20:00,Lawsons Bay,Marikavalasa
VZ071,21:00,Lawsons Bay,Marikavalasa
VZ071,22:00,Lawsons Bay,Marikavalasa
VZ072,05:00,RTC Complex,RTC Complex
VZ072,06:00,RTC Complex,RTC Complex
VZ072,07:00,RTC Complex,RTC Complex
VZ072,08:00,RTC Complex,RTC Complex
VZ072,09:00,RTC Complex,RTC Complex
VZ072,10:00,RTC Complex,RTC Complex
VZ072,11:00,RTC Complex,RTC Complex
VZ072,12:00,RTC Complex,RTC Complex
VZ072,13:00,RTC Complex,RTC Complex
VZ072,14:00,RTC Complex,RTC Complex
VZ072,15:00,RTC Complex,RTC Complex
VZ072,16:00,RTC Complex,RTC Complex
VZ072,17:00,RTC Complex,RTC Complex
VZ072,18:00,RTC Complex,RTC Complex
VZ072,19:00,RTC Complex,RTC Complex
VZ072,20:00,RTC Complex,RTC Complex
VZ072,21:00,RTC Complex,RTC Complex
VZ072,22:00,RTC Complex,RTC Complex
VZ073,05:00,Railway Station,Jagadamba
VZ073,06:00,Railway Station,Jagadamba
VZ073,07:00,Railway Station,Jagadamba
VZ073,08:00,Railway Station,Jagadamba
VZ073,09:00,Railway Station,Jagadamba
VZ073,10:00,Railway Station,Jagadamba
VZ073,11:00,Railway Station,Jagadamba
VZ073,12:00,Railway Station,Jagadamba
VZ073,13:00,Railway Station,Jagadamba
VZ073,14:00,Railway Station,Jagadamba
VZ073,15:00,Railway Station,Jagadamba
VZ073,16:00,Railway Station,Jagadamba
VZ073,17:00,Railway Station,Jagadamba
VZ073,18:00,Railway Station,Jagadamba
VZ073,19:00,Railway Station,Jagadamba
VZ073,20:00,Railway Station,Jagadamba
VZ073,21:00,Railway Station,Jagadamba
VZ073,22:00,Railway Station,Jagadamba
VZ074,05:00,Old Post Office,PM Palem
VZ074,06:00,Old Post Office,PM Palem
VZ074,07:00,Old Post Office,PM Palem
VZ074,08:00,Old Post Office,PM Palem
VZ074,09:00,Old Post Office,PM Palem
VZ074,10:00,Old Post Office,PM Palem
VZ074,11:00,Old Post Office,PM Palem
VZ074,12:00,Old Post Office,PM Palem
VZ074,13:00,Old Post Office,PM Palem
VZ074,14:00,Old Post Office,PM Palem
VZ074,15:00,Old Post Office,PM Palem
VZ074,16:00,Old Post Office,PM Palem
VZ074,17:00,Old Post Office,PM Palem
VZ074,18:00,Old Post Office,PM Palem
VZ074,19:00,Old Post Office,PM Palem
VZ074,20:00,Old Post Office,PM Palem
VZ074,21:00,Old Post Office,PM Palem
VZ074,22:00,Old Post Office,PM Palem
VZ075,05:00,Jagadamba,Bheemili
VZ075,06:00,Jagadamba,Bheemili
VZ075,07:00,Jagadamba,Bheemili
VZ075,08:00,Jagadamba,Bheemili
VZ075,09:00,Jagadamba,Bheemili
VZ075,10:00,Jagadamba,Bheemili
VZ075,11:00,Jagadamba,Bheemili
VZ075,12:00,Jagadamba,Bheemili
VZ075,13:00,Jagadamba,Bheemili
VZ075,14:00,Jagadamba,Bheemili
VZ075,15:00,Jagadamba,Bheemili
VZ075,16:00,Jagadamba,Bheemili
VZ075,17:00,Jagadamba,Bheemili
VZ075,18:00,Jagadamba,Bheemili
VZ075,19:00,Jagadamba,Bheemili
VZ075,20:00,Jagadamba,Bheemili
VZ075,21:00,Jagadamba,Bheemili
VZ075,22:00,Jagadamba,Bheemili
VZ076,05:00,Maddilapalem,Simhachalam
VZ076,06:00,Maddilapalem,Simhachalam
VZ076,07:00,Maddilapalem,Simhachalam
VZ076,08:00,Maddilapalem,Simhachalam
VZ076,09:00,Maddilapalem,Simhachalam
VZ076,10:00,Maddilapalem,Simhachalam
VZ076,11:00,Maddilapalem,Simhachalam
VZ076,12:00,Maddilapalem,Simhachalam
VZ076,13:00,Maddilapalem,Simhachalam
VZ076,14:00,Maddilapalem,Simhachalam
VZ076,15:00,Maddilapalem,Simhachalam
VZ076,16:00,Maddilapalem,Simhachalam
VZ076,17:00,Maddilapalem,Simhachalam
VZ076,18:00,Maddilapalem,Simhachalam
VZ076,19:00,Maddilapalem,Simhachalam
VZ076,20:00,Maddilapalem,Simhachalam
VZ076,21:00,Maddilapalem,Simhachalam
VZ076,22:00,Maddilapalem,Simhachalam
VZ077,05:00,MVP Colony,Kancharapalem
VZ077,06:00,MVP Colony,Kancharapalem
VZ077,07:00,MVP Colony,Kancharapalem
VZ077,08:00,MVP Colony,Kancharapalem
VZ077,09:00,MVP Colony,Kancharapalem
VZ077,10:00,MVP Colony,Kancharapalem
VZ077,11:00,MVP Colony,Kancharapalem
VZ077,12:00,MVP Colony,Kancharapalem
VZ077,13:00,MVP Colony,Kancharapalem
VZ077,14:00,MVP Colony,Kancharapalem
VZ077,15:00,MVP Colony,Kancharapalem
VZ077,16:00,MVP Colony,Kancharapalem
VZ077,17:00,MVP Colony,Kancharapalem
VZ077,18:00,MVP Colony,Kancharapalem
VZ077,19:00,MVP Colony,Kancharapalem
VZ077,20:00,MVP Colony,Kancharapalem
VZ077,21:00,MVP Colony,Kancharapalem
VZ077,22:00,MVP Colony,Kancharapalem
VZ078,05:00,PM Palem,Seethammadhara
VZ078,06:00,PM Palem,Seethammadhara
VZ078,07:00,PM Palem,Seethammadhara
VZ078,08:00,PM Palem,Seethammadhara
VZ078,09:00,PM Palem,Seethammadhara
VZ078,10:00,PM Palem,Seethammadhara
VZ078,11:00,PM Palem,Seethammadhara
VZ078,12:00,PM Palem,Seethammadhara
VZ078,13:00,PM Palem,Seethammadhara
VZ078,14:00,PM Palem,Seethammadhara
VZ078,15:00,PM Palem,Seethammadhara
VZ078,16:00,PM Palem,Seethammadhara
VZ078,17:00,PM Palem,Seethammadhara
VZ078,18:00,PM Palem,Seethammadhara
VZ078,19:00,PM Palem,Seethammadhara
VZ078,20:00,PM Palem,Seethammadhara
VZ078,21:00,PM Palem,Seethammadhara
VZ078,22:00,PM Palem,Seethammadhara
VZ079,05:00,Madhurawada,Steel Plant
VZ079,06:00,Madhurawada,Steel Plant
VZ079,07:00,Madhurawada,Steel Plant
VZ079,08:00,Madhurawada,Steel Plant
VZ079,09:00,Madhurawada,Steel Plant
VZ079,10:00,Madhurawada,Steel Plant
VZ079,11:00,Madhurawada,Steel Plant
VZ079,12:00,Madhurawada,Steel Plant
VZ079,13:00,Madhurawada,Steel Plant
VZ079,14:00,Madhurawada,Steel Plant
VZ079,15:00,Madhurawada,Steel Plant
VZ079,16:00,Madhurawada,Steel Plant
VZ079,17:00,Madhurawada,Steel Plant
VZ079,18:00,Madhurawada,Steel Plant
VZ079,19:00,Madhurawada,Steel Plant
VZ079,20:00,Madhurawada,Steel Plant
VZ079,21:00,Madhurawada,Steel Plant
VZ079,22:00,Madhurawada,Steel Plant
VZ080,05:00,Rushikonda,Anakapalle
VZ080,06:00,Rushikonda,Anakapalle
VZ080,07:00,Rushikonda,Anakapalle
VZ080,08:00,Rushikonda,Anakapalle
VZ080,09:00,Rushikonda,Anakapalle
VZ080,10:00,Rushikonda,Anakapalle
VZ080,11:00,Rushikonda,Anakapalle
VZ080,12:00,Rushikonda,Anakapalle
VZ080,13:00,Rushikonda,Anakapalle
VZ080,14:00,Rushikonda,Anakapalle
VZ080,15:00,Rushikonda,Anakapalle
VZ080,16:00,Rushikonda,Anakapalle
VZ080,17:00,Rushikonda,Anakapalle
VZ080,18:00,Rushikonda,Anakapalle
VZ080,19:00,Rushikonda,Anakapalle
VZ080,20:00,Rushikonda,Anakapalle
VZ080,21:00,Rushikonda,Anakapalle
VZ080,22:00,Rushikonda,Anakapalle
VZ081,05:00,Bheemili,Duvvada
VZ081,06:00,Bheemili,Duvvada
VZ081,07:00,Bheemili,Duvvada
VZ081,08:00,Bheemili,Duvvada
VZ081,09:00,Bheemili,Duvvada
VZ081,10:00,Bheemili,Duvvada
VZ081,11:00,Bheemili,Duvvada
VZ081,12:00,Bheemili,Duvvada
VZ081,13:00,Bheemili,Duvvada
VZ081,14:00,Bheemili,Duvvada
VZ081,15:00,Bheemili,Duvvada
VZ081,16:00,Bheemili,Duvvada
VZ081,17:00,Bheemili,Duvvada
VZ081,18:00,Bheemili,Duvvada
VZ081,19:00,Bheemili,Duvvada
VZ081,20:00,Bheemili,Duvvada
VZ081,21:00,Bheemili,Duvvada
VZ081,22:00,Bheemili,Duvvada
VZ082,05:00,Anandapuram,Airport
VZ082,06:00,Anandapuram,Airport
VZ082,07:00,Anandapuram,Airport
VZ082,08:00,Anandapuram,Airport
VZ082,09:00,Anandapuram,Airport
VZ082,10:00,Anandapuram,Airport
VZ082,11:00,Anandapuram,Airport
VZ082,12:00,Anandapuram,Airport
VZ082,13:00,Anandapuram,Airport
VZ082,14:00,Anandapuram,Airport
VZ082,15:00,Anandapuram,Airport
VZ082,16:00,Anandapuram,Airport
VZ082,17:00,Anandapuram,Airport
VZ082,18:00,Anandapuram,Airport
VZ082,19:00,Anandapuram,Airport
VZ082,20:00,Anandapuram,Airport
VZ082,21:00,Anandapuram,Airport
VZ082,22:00,Anandapuram,Airport
VZ083,05:00,Pendurthi,Marikavalasa
VZ083,06:00,Pendurthi,Marikavalasa
VZ083,07:00,Pendurthi,Marikavalasa
VZ083,08:00,Pendurthi,Marikavalasa
VZ083,09:00,Pendurthi,Marikavalasa
VZ083,10:00,Pendurthi,Marikavalasa
VZ083,11:00,Pendurthi,Marikavalasa
VZ083,12:00,Pendurthi,Marikavalasa
VZ083,13:00,Pendurthi,Marikavalasa
VZ083,14:00,Pendurthi,Marikavalasa
VZ083,15:00,Pendurthi,Marikavalasa
VZ083,16:00,Pendurthi,Marikavalasa
VZ083,17:00,Pendurthi,Marikavalasa
VZ083,18:00,Pendurthi,Marikavalasa
VZ083,19:00,Pendurthi,Marikavalasa
VZ083,20:00,Pendurthi,Marikavalasa
VZ083,21:00,Pendurthi,Marikavalasa
VZ083,22:00,Pendurthi,Marikavalasa
VZ084,05:00,Simhachalam,RTC Complex
VZ084,06:00,Simhachalam,RTC Complex
VZ084,07:00,Simhachalam,RTC Complex
VZ084,08:00,Simhachalam,RTC Complex
VZ084,09:00,Simhachalam,RTC Complex
VZ084,10:00,Simhachalam,RTC Complex
VZ084,11:00,Simhachalam,RTC Complex
VZ084,12:00,Simhachalam,RTC Complex
VZ084,13:00,Simhachalam,RTC Complex
VZ084,14:00,Simhachalam,RTC Complex
VZ084,15:00,Simhachalam,RTC Complex
VZ084,16:00,Simhachalam,RTC Complex
VZ084,17:00,Simhachalam,RTC Complex
VZ084,18:00,Simhachalam,RTC Complex
VZ084,19:00,Simhachalam,RTC Complex
VZ084,20:00,Simhachalam,RTC Complex
VZ084,21:00,Simhachalam,RTC Complex
VZ084,22:00,Simhachalam,RTC Complex
VZ085,05:00,Gopalapatnam,Jagadamba
VZ085,06:00,Gopalapatnam,Jagadamba
VZ085,07:00,Gopalapatnam,Jagadamba
VZ085,08:00,Gopalapatnam,Jagadamba
VZ085,09:00,Gopalapatnam,Jagadamba
VZ085,10:00,Gopalapatnam,Jagadamba
VZ085,11:00,Gopalapatnam,Jagadamba
VZ085,12:00,Gopalapatnam,Jagadamba
VZ085,13:00,Gopalapatnam,Jagadamba
VZ085,14:00,Gopalapatnam,Jagadamba
VZ085,15:00,Gopalapatnam,Jagadamba
VZ085,16:00,Gopalapatnam,Jagadamba
VZ085,17:00,Gopalapatnam,Jagadamba
VZ085,18:00,Gopalapatnam,Jagadamba
VZ085,19:00,Gopalapatnam,Jagadamba
VZ085,20:00,Gopalapatnam,Jagadamba
VZ085,21:00,Gopalapatnam,Jagadamba
VZ085,22:00,Gopalapatnam,Jagadamba
VZ086,05:00,NAD Junction,PM Palem
VZ086,06:00,NAD Junction,PM Palem
VZ086,07:00,NAD Junction,PM Palem
VZ086,08:00,NAD Junction,PM Palem
VZ086,09:00,NAD Junction,PM Palem
VZ086,10:00,NAD Junction,PM Palem
VZ086,11:00,NAD Junction,PM Palem
VZ086,12:00,NAD Junction,PM Palem
VZ086,13:00,NAD Junction,PM Palem
VZ086,14:00,NAD Junction,PM Palem
VZ086,15:00,NAD Junction,PM Palem
VZ086,16:00,NAD Junction,PM Palem
VZ086,17:00,NAD Junction,PM Palem
VZ086,18:00,NAD Junction,PM Palem
VZ086,19:00,NAD Junction,PM Palem
VZ086,20:00,NAD Junction,PM Palem
VZ086,21:00,NAD Junction,PM Palem
VZ086,22:00,NAD Junction,PM Palem
VZ087,05:00,Kancharapalem,Bheemili
VZ087,06:00,Kancharapalem,Bheemili
VZ087,07:00,Kancharapalem,Bheemili
VZ087,08:00,Kancharapalem,Bheemili
VZ087,09:00,Kancharapalem,Bheemili
VZ087,10:00,Kancharapalem,Bheemili
VZ087,11:00,Kancharapalem,Bheemili
VZ087,12:00,Kancharapalem,Bheemili
VZ087,13:00,Kancharapalem,Bheemili
VZ087,14:00,Kancharapalem,Bheemili
VZ087,15:00,Kancharapalem,Bheemili
VZ087,16:00,Kancharapalem,Bheemili
VZ087,17:00,Kancharapalem,Bheemili
VZ087,18:00,Kancharapalem,Bheemili
VZ087,19:00,Kancharapalem,Bheemili
VZ087,20:00,Kancharapalem,Bheemili
VZ087,21:00,Kancharapalem,Bheemili
VZ087,22:00,Kancharapalem,Bheemili
VZ088,05:00,Arilova,Simhachalam
VZ088,06:00,Arilova,Simhachalam
VZ088,07:00,Arilova,Simhachalam
VZ088,08:00,Arilova,Simhachalam
VZ088,09:00,Arilova,Simhachalam
VZ088,10:00,Arilova,Simhachalam
VZ088,11:00,Arilova,Simhachalam
VZ088,12:00,Arilova,Simhachalam
VZ088,13:00,Arilova,Simhachalam
VZ088,14:00,Arilova,Simhachalam
VZ088,15:00,Arilova,Simhachalam
VZ088,16:00,Arilova,Simhachalam
VZ088,17:00,Arilova,Simhachalam
VZ088,18:00,Arilova,Simhachalam
VZ088,19:00,Arilova,Simhachalam
VZ088,20:00,Arilova,Simhachalam
VZ088,21:00,Arilova,Simhachalam
VZ088,22:00,Arilova,Simhachalam
VZ089,05:00,HB Colony,Kancharapalem
VZ089,06:00,HB Colony,Kancharapalem
VZ089,07:00,HB Colony,Kancharapalem
VZ089,08:00,HB Colony,Kancharapalem
VZ089,09:00,HB Colony,Kancharapalem
VZ089,10:00,HB Colony,Kancharapalem
VZ089,11:00,HB Colony,Kancharapalem
VZ089,12:00,HB Colony,Kancharapalem
VZ089,13:00,HB Colony,Kancharapalem
VZ089,14:00,HB Colony,Kancharapalem
VZ089,15:00,HB Colony,Kancharapalem
VZ089,16:00,HB Colony,Kancharapalem
VZ089,17:00,HB Colony,Kancharapalem
VZ089,18:00,HB Colony,Kancharapalem
VZ089,19:00,HB Colony,Kancharapalem
VZ089,20:00,HB Colony,Kancharapalem
VZ089,21:00,HB Colony,Kancharapalem
VZ089,22:00,HB Colony,Kancharapalem
VZ090,05:00,Seethammadhara,Seethammadhara
VZ090,06:00,Seethammadhara,Seethammadhara
VZ090,07:00,Seethammadhara,Seethammadhara
VZ090,08:00,Seethammadhara,Seethammadhara
VZ090,09:00,Seethammadhara,Seethammadhara
VZ090,10:00,Seethammadhara,Seethammadhara
VZ090,11:00,Seethammadhara,Seethammadhara
VZ090,12:00,Seethammadhara,Seethammadhara
VZ090,13:00,Seethammadhara,Seethammadhara
VZ090,14:00,Seethammadhara,Seethammadhara
VZ090,15:00,Seethammadhara,Seethammadhara
VZ090,16:00,Seethammadhara,Seethammadhara
VZ090,17:00,Seethammadhara,Seethammadhara
VZ090,18:00,Seethammadhara,Seethammadhara
VZ090,19:00,Seethammadhara,Seethammadhara
VZ090,20:00,Seethammadhara,Seethammadhara
VZ090,21:00,Seethammadhara,Seethammadhara
VZ090,22:00,Seethammadhara,Seethammadhara
VZ091,05:00,Gajuwaka,Steel Plant
VZ091,06:00,Gajuwaka,Steel Plant
VZ091,07:00,Gajuwaka,Steel Plant
VZ091,08:00,Gajuwaka,Steel Plant
VZ091,09:00,Gajuwaka,Steel Plant
VZ091,10:00,Gajuwaka,Steel Plant
VZ091,11:00,Gajuwaka,Steel Plant
VZ091,12:00,Gajuwaka,Steel Plant
VZ091,13:00,Gajuwaka,Steel Plant
VZ091,14:00,Gajuwaka,Steel Plant
VZ091,15:00,Gajuwaka,Steel Plant
VZ091,16:00,Gajuwaka,Steel Plant
VZ091,17:00,Gajuwaka,Steel Plant
VZ091,18:00,Gajuwaka,Steel Plant
VZ091,19:00,Gajuwaka,Steel Plant
VZ091,20:00,Gajuwaka,Steel Plant
VZ091,21:00,Gajuwaka,Steel Plant
VZ091,22:00,Gajuwaka,Steel Plant
VZ092,05:00,Kurmannapalem,Anakapalle
VZ092,06:00,Kurmannapalem,Anakapalle
VZ092,07:00,Kurmannapalem,Anakapalle
VZ092,08:00,Kurmannapalem,Anakapalle
VZ092,09:00,Kurmannapalem,Anakapalle
VZ092,10:00,Kurmannapalem,Anakapalle
VZ092,11:00,Kurmannapalem,Anakapalle
VZ092,12:00,Kurmannapalem,Anakapalle
VZ092,13:00,Kurmannapalem,Anakapalle
VZ092,14:00,Kurmannapalem,Anakapalle
VZ092,15:00,Kurmannapalem,Anakapalle
VZ092,16:00,Kurmannapalem,Anakapalle
VZ092,17:00,Kurmannapalem,Anakapalle
VZ092,18:00,Kurmannapalem,Anakapalle
VZ092,19:00,Kurmannapalem,Anakapalle
VZ092,20:00,Kurmannapalem,Anakapalle
VZ092,21:00,Kurmannapalem,Anakapalle
VZ092,22:00,Kurmannapalem,Anakapalle
VZ093,05:00,Steel Plant,Duvvada
VZ093,06:00,Steel Plant,Duvvada
VZ093,07:00,Steel Plant,Duvvada
VZ093,08:00,Steel Plant,Duvvada
VZ093,09:00,Steel Plant,Duvvada
VZ093,10:00,Steel Plant,Duvvada
VZ093,11:00,Steel Plant,Duvvada
VZ093,12:00,Steel Plant,Duvvada
VZ093,13:00,Steel Plant,Duvvada
VZ093,14:00,Steel Plant,Duvvada
VZ093,15:00,Steel Plant,Duvvada
VZ093,16:00,Steel Plant,Duvvada
VZ093,17:00,Steel Plant,Duvvada
VZ093,18:00,Steel Plant,Duvvada
VZ093,19:00,Steel Plant,Duvvada
VZ093,20:00,Steel Plant,Duvvada
VZ093,21:00,Steel Plant,Duvvada
VZ093,22:00,Steel Plant,Duvvada
VZ094,05:00,Parawada,Airport
VZ094,06:00,Parawada,Airport
VZ094,07:00,Parawada,Airport
VZ094,08:00,Parawada,Airport
VZ094,09:00,Parawada,Airport
VZ094,10:00,Parawada,Airport
VZ094,11:00,Parawada,Airport
VZ094,12:00,Parawada,Airport
VZ094,13:00,Parawada,Airport
VZ094,14:00,Parawada,Airport
VZ094,15:00,Parawada,Airport
VZ094,16:00,Parawada,Airport
VZ094,17:00,Parawada,Airport
VZ094,18:00,Parawada,Airport
VZ094,19:00,Parawada,Airport
VZ094,20:00,Parawada,Airport
VZ094,21:00,Parawada,Airport
VZ094,22:00,Parawada,Airport
VZ095,05:00,Achutapuram,Marikavalasa
VZ095,06:00,Achutapuram,Marikavalasa
VZ095,07:00,Achutapuram,Marikavalasa
VZ095,08:00,Achutapuram,Marikavalasa
VZ095,09:00,Achutapuram,Marikavalasa
VZ095,10:00,Achutapuram,Marikavalasa
VZ095,11:00,Achutapuram,Marikavalasa
VZ095,12:00,Achutapuram,Marikavalasa
VZ095,13:00,Achutapuram,Marikavalasa
VZ095,14:00,Achutapuram,Marikavalasa
VZ095,15:00,Achutapuram,Marikavalasa
VZ095,16:00,Achutapuram,Marikavalasa
VZ095,17:00,Achutapuram,Marikavalasa
VZ095,18:00,Achutapuram,Marikavalasa
VZ095,19:00,Achutapuram,Marikavalasa
VZ095,20:00,Achutapuram,Marikavalasa
VZ095,21:00,Achutapuram,Marikavalasa
VZ095,22:00,Achutapuram,Marikavalasa
VZ096,05:00,Anakapalle,RTC Complex
VZ096,06:00,Anakapalle,RTC Complex
VZ096,07:00,Anakapalle,RTC Complex
VZ096,08:00,Anakapalle,RTC Complex
VZ096,09:00,Anakapalle,RTC Complex
VZ096,10:00,Anakapalle,RTC Complex
VZ096,11:00,Anakapalle,RTC Complex
VZ096,12:00,Anakapalle,RTC Complex
VZ096,13:00,Anakapalle,RTC Complex
VZ096,14:00,Anakapalle,RTC Complex
VZ096,15:00,Anakapalle,RTC Complex
VZ096,16:00,Anakapalle,RTC Complex
VZ096,17:00,Anakapalle,RTC Complex
VZ096,18:00,Anakapalle,RTC Complex
VZ096,19:00,Anakapalle,RTC Complex
VZ096,20:00,Anakapalle,RTC Complex
VZ096,21:00,Anakapalle,RTC Complex
VZ096,22:00,Anakapalle,RTC Complex
VZ097,05:00,Sabbavaram,Jagadamba
VZ097,06:00,Sabbavaram,Jagadamba
VZ097,07:00,Sabbavaram,Jagadamba
VZ097,08:00,Sabbavaram,Jagadamba
VZ097,09:00,Sabbavaram,Jagadamba
VZ097,10:00,Sabbavaram,Jagadamba
VZ097,11:00,Sabbavaram,Jagadamba
VZ097,12:00,Sabbavaram,Jagadamba
VZ097,13:00,Sabbavaram,Jagadamba
VZ097,14:00,Sabbavaram,Jagadamba
VZ097,15:00,Sabbavaram,Jagadamba
VZ097,16:00,Sabbavaram,Jagadamba
VZ097,17:00,Sabbavaram,Jagadamba
VZ097,18:00,Sabbavaram,Jagadamba
VZ097,19:00,Sabbavaram,Jagadamba
VZ097,20:00,Sabbavaram,Jagadamba
VZ097,21:00,Sabbavaram,Jagadamba
VZ097,22:00,Sabbavaram,Jagadamba
VZ098,05:00,Tagarapuvalasa,PM Palem
VZ098,06:00,Tagarapuvalasa,PM Palem
VZ098,07:00,Tagarapuvalasa,PM Palem
VZ098,08:00,Tagarapuvalasa,PM Palem
VZ098,09:00,Tagarapuvalasa,PM Palem
VZ098,10:00,Tagarapuvalasa,PM Palem
VZ098,11:00,Tagarapuvalasa,PM Palem
VZ098,12:00,Tagarapuvalasa,PM Palem
VZ098,13:00,Tagarapuvalasa,PM Palem
VZ098,14:00,Tagarapuvalasa,PM Palem
VZ098,15:00,Tagarapuvalasa,PM Palem
VZ098,16:00,Tagarapuvalasa,PM Palem
VZ098,17:00,Tagarapuvalasa,PM Palem
VZ098,18:00,Tagarapuvalasa,PM Palem
VZ098,19:00,Tagarapuvalasa,PM Palem
VZ098,20:00,Tagarapuvalasa,PM Palem
VZ098,21:00,Tagarapuvalasa,PM Palem
VZ098,22:00,Tagarapuvalasa,PM Palem
VZ099,05:00,Duvvada,Bheemili
VZ099,06:00,Duvvada,Bheemili
VZ099,07:00,Duvvada,Bheemili
VZ099,08:00,Duvvada,Bheemili
VZ099,09:00,Duvvada,Bheemili
VZ099,10:00,Duvvada,Bheemili
VZ099,11:00,Duvvada,Bheemili
VZ099,12:00,Duvvada,Bheemili
VZ099,13:00,Duvvada,Bheemili
VZ099,14:00,Duvvada,Bheemili
VZ099,15:00,Duvvada,Bheemili
VZ099,16:00,Duvvada,Bheemili
VZ099,17:00,Duvvada,Bheemili
VZ099,18:00,Duvvada,Bheemili
VZ099,19:00,Duvvada,Bheemili
VZ099,20:00,Duvvada,Bheemili
VZ099,21:00,Duvvada,Bheemili
VZ099,22:00,Duvvada,Bheemili
VZ100,05:00,Scindia,Simhachalam
VZ100,06:00,Scindia,Simhachalam
VZ100,07:00,Scindia,Simhachalam
VZ100,08:00,Scindia,Simhachalam
VZ100,09:00,Scindia,Simhachalam
VZ100,10:00,Scindia,Simhachalam
VZ100,11:00,Scindia,Simhachalam
VZ100,12:00,Scindia,Simhachalam
VZ100,13:00,Scindia,Simhachalam
VZ100,14:00,Scindia,Simhachalam
VZ100,15:00,Scindia,Simhachalam
VZ100,16:00,Scindia,Simhachalam
VZ100,17:00,Scindia,Simhachalam
VZ100,18:00,Scindia,Simhachalam
VZ100,19:00,Scindia,Simhachalam
VZ100,20:00,Scindia,Simhachalam
VZ100,21:00,Scindia,Simhachalam
VZ100,22:00,Scindia,Simhachalam
VZ101,05:00,Pedagantyada,Kancharapalem
VZ101,06:00,Pedagantyada,Kancharapalem
VZ101,07:00,Pedagantyada,Kancharapalem
VZ101,08:00,Pedagantyada,Kancharapalem
VZ101,09:00,Pedagantyada,Kancharapalem
VZ101,10:00,Pedagantyada,Kancharapalem
VZ101,11:00,Pedagantyada,Kancharapalem
VZ101,12:00,Pedagantyada,Kancharapalem
VZ101,13:00,Pedagantyada,Kancharapalem
VZ101,14:00,Pedagantyada,Kancharapalem
VZ101,15:00,Pedagantyada,Kancharapalem
VZ101,16:00,Pedagantyada,Kancharapalem
VZ101,17:00,Pedagantyada,Kancharapalem
VZ101,18:00,Pedagantyada,Kancharapalem
VZ101,19:00,Pedagantyada,Kancharapalem
VZ101,20:00,Pedagantyada,Kancharapalem
VZ101,21:00,Pedagantyada,Kancharapalem
VZ101,22:00,Pedagantyada,Kancharapalem
VZ102,05:00,Airport,Seethammadhara
VZ102,06:00,Airport,Seethammadhara
VZ102,07:00,Airport,Seethammadhara
VZ102,08:00,Airport,Seethammadhara
VZ102,09:00,Airport,Seethammadhara
VZ102,10:00,Airport,Seethammadhara
VZ102,11:00,Airport,Seethammadhara
VZ102,12:00,Airport,Seethammadhara
VZ102,13:00,Airport,Seethammadhara
VZ102,14:00,Airport,Seethammadhara
VZ102,15:00,Airport,Seethammadhara
VZ102,16:00,Airport,Seethammadhara
VZ102,17:00,Airport,Seethammadhara
VZ102,18:00,Airport,Seethammadhara
VZ102,19:00,Airport,Seethammadhara
VZ102,20:00,Airport,Seethammadhara
VZ102,21:00,Airport,Seethammadhara
VZ102,22:00,Airport,Seethammadhara
VZ103,05:00,Sagar Nagar,Steel Plant
VZ103,06:00,Sagar Nagar,Steel Plant
VZ103,07:00,Sagar Nagar,Steel Plant
VZ103,08:00,Sagar Nagar,Steel Plant
VZ103,09:00,Sagar Nagar,Steel Plant
VZ103,10:00,Sagar Nagar,Steel Plant
VZ103,11:00,Sagar Nagar,Steel Plant
VZ103,12:00,Sagar Nagar,Steel Plant
VZ103,13:00,Sagar Nagar,Steel Plant
VZ103,14:00,Sagar Nagar,Steel Plant
VZ103,15:00,Sagar Nagar,Steel Plant
VZ103,16:00,Sagar Nagar,Steel Plant
VZ103,17:00,Sagar Nagar,Steel Plant
VZ103,18:00,Sagar Nagar,Steel Plant
VZ103,19:00,Sagar Nagar,Steel Plant
VZ103,20:00,Sagar Nagar,Steel Plant
VZ103,21:00,Sagar Nagar,Steel Plant
VZ103,22:00,Sagar Nagar,Steel Plant
VZ104,05:00,Endada,Anakapalle
VZ104,06:00,Endada,Anakapalle
VZ104,07:00,Endada,Anakapalle
VZ104,08:00,Endada,Anakapalle
VZ104,09:00,Endada,Anakapalle
VZ104,10:00,Endada,Anakapalle
VZ104,11:00,Endada,Anakapalle
VZ104,12:00,Endada,Anakapalle
VZ104,13:00,Endada,Anakapalle
VZ104,14:00,Endada,Anakapalle
VZ104,15:00,Endada,Anakapalle
VZ104,16:00,Endada,Anakapalle
VZ104,17:00,Endada,Anakapalle
VZ104,18:00,Endada,Anakapalle
VZ104,19:00,Endada,Anakapalle
VZ104,20:00,Endada,Anakapalle
VZ104,21:00,Endada,Anakapalle
VZ104,22:00,Endada,Anakapalle
VZ105,05:00,Marikavalasa,Duvvada
VZ105,06:00,Marikavalasa,Duvvada
VZ105,07:00,Marikavalasa,Duvvada
VZ105,08:00,Marikavalasa,Duvvada
VZ105,09:00,Marikavalasa,Duvvada
VZ105,10:00,Marikavalasa,Duvvada
VZ105,11:00,Marikavalasa,Duvvada
VZ105,12:00,Marikavalasa,Duvvada
VZ105,13:00,Marikavalasa,Duvvada
VZ105,14:00,Marikavalasa,Duvvada
VZ105,15:00,Marikavalasa,Duvvada
VZ105,16:00,Marikavalasa,Duvvada
VZ105,17:00,Marikavalasa,Duvvada
VZ105,18:00,Marikavalasa,Duvvada
VZ105,19:00,Marikavalasa,Duvvada
VZ105,20:00,Marikavalasa,Duvvada
VZ105,21:00,Marikavalasa,Duvvada
VZ105,22:00,Marikavalasa,Duvvada
VZ106,05:00,Yendada,Airport
VZ106,06:00,Yendada,Airport
VZ106,07:00,Yendada,Airport
VZ106,08:00,Yendada,Airport
VZ106,09:00,Yendada,Airport
VZ106,10:00,Yendada,Airport
VZ106,11:00,Yendada,Airport
VZ106,12:00,Yendada,Airport
VZ106,13:00,Yendada,Airport
VZ106,14:00,Yendada,Airport
VZ106,15:00,Yendada,Airport
VZ106,16:00,Yendada,Airport
VZ106,17:00,Yendada,Airport
VZ106,18:00,Yendada,Airport
VZ106,19:00,Yendada,Airport
VZ106,20:00,Yendada,Airport
VZ106,21:00,Yendada,Airport
VZ106,22:00,Yendada,Airport
VZ107,05:00,Lawsons Bay,Marikavalasa
VZ107,06:00,Lawsons Bay,Marikavalasa
VZ107,07:00,Lawsons Bay,Marikavalasa
VZ107,08:00,Lawsons Bay,Marikavalasa
VZ107,09:00,Lawsons Bay,Marikavalasa
VZ107,10:00,Lawsons Bay,Marikavalasa
VZ107,11:00,Lawsons Bay,Marikavalasa
VZ107,12:00,Lawsons Bay,Marikavalasa
VZ107,13:00,Lawsons Bay,Marikavalasa
VZ107,14:00,Lawsons Bay,Marikavalasa
VZ107,15:00,Lawsons Bay,Marikavalasa
VZ107,16:00,Lawsons Bay,Marikavalasa
VZ107,17:00,Lawsons Bay,Marikavalasa
VZ107,18:00,Lawsons Bay,Marikavalasa
VZ107,19:00,Lawsons Bay,Marikavalasa
VZ107,20:00,Lawsons Bay,Marikavalasa
VZ107,21:00,Lawsons Bay,Marikavalasa
VZ107,22:00,Lawsons Bay,Marikavalasa
VZ108,05:00,RTC Complex,RTC Complex
VZ108,06:00,RTC Complex,RTC Complex
VZ108,07:00,RTC Complex,RTC Complex
VZ108,08:00,RTC Complex,RTC Complex
VZ108,09:00,RTC Complex,RTC Complex
VZ108,10:00,RTC Complex,RTC Complex
VZ108,11:00,RTC Complex,RTC Complex
VZ108,12:00,RTC Complex,RTC Complex
VZ108,13:00,RTC Complex,RTC Complex
VZ108,14:00,RTC Complex,RTC Complex
VZ108,15:00,RTC Complex,RTC Complex
VZ108,16:00,RTC Complex,RTC Complex
VZ108,17:00,RTC Complex,RTC Complex
VZ108,18:00,RTC Complex,RTC Complex
VZ108,19:00,RTC Complex,RTC Complex
VZ108,20:00,RTC Complex,RTC Complex
VZ108,21:00,RTC Complex,RTC Complex
VZ108,22:00,RTC Complex,RTC Complex
VZ109,05:00,Railway Station,Jagadamba
VZ109,06:00,Railway Station,Jagadamba
VZ109,07:00,Railway Station,Jagadamba
VZ109,08:00,Railway Station,Jagadamba
VZ109,09:00,Railway Station,Jagadamba
VZ109,10:00,Railway Station,Jagadamba
VZ109,11:00,Railway Station,Jagadamba
VZ109,12:00,Railway Station,Jagadamba
VZ109,13:00,Railway Station,Jagadamba
VZ109,14:00,Railway Station,Jagadamba
VZ109,15:00,Railway Station,Jagadamba
VZ109,16:00,Railway Station,Jagadamba
VZ109,17:00,Railway Station,Jagadamba
VZ109,18:00,Railway Station,Jagadamba
VZ109,19:00,Railway Station,Jagadamba
VZ109,20:00,Railway Station,Jagadamba
VZ109,21:00,Railway Station,Jagadamba
VZ109,22:00,Railway Station,Jagadamba
VZ110,05:00,Old Post Office,PM Palem
VZ110,06:00,Old Post Office,PM Palem
VZ110,07:00,Old Post Office,PM Palem
VZ110,08:00,Old Post Office,PM Palem
VZ110,09:00,Old Post Office,PM Palem
VZ110,10:00,Old Post Office,PM Palem
VZ110,11:00,Old Post Office,PM Palem
VZ110,12:00,Old Post Office,PM Palem
VZ110,13:00,Old Post Office,PM Palem
VZ110,14:00,Old Post Office,PM Palem
VZ110,15:00,Old Post Office,PM Palem
VZ110,16:00,Old Post Office,PM Palem
VZ110,17:00,Old Post Office,PM Palem
VZ110,18:00,Old Post Office,PM Palem
VZ110,19:00,Old Post Office,PM Palem
VZ110,20:00,Old Post Office,PM Palem
VZ110,21:00,Old Post Office,PM Palem
VZ110,22:00,Old Post Office,PM Palem
VZ111,05:00,Jagadamba,Bheemili
VZ111,06:00,Jagadamba,Bheemili
VZ111,07:00,Jagadamba,Bheemili
VZ111,08:00,Jagadamba,Bheemili
VZ111,09:00,Jagadamba,Bheemili
VZ111,10:00,Jagadamba,Bheemili
VZ111,11:00,Jagadamba,Bheemili
VZ111,12:00,Jagadamba,Bheemili
VZ111,13:00,Jagadamba,Bheemili
VZ111,14:00,Jagadamba,Bheemili
VZ111,15:00,Jagadamba,Bheemili
VZ111,16:00,Jagadamba,Bheemili
VZ111,17:00,Jagadamba,Bheemili
VZ111,18:00,Jagadamba,Bheemili
VZ111,19:00,Jagadamba,Bheemili
VZ111,20:00,Jagadamba,Bheemili
VZ111,21:00,Jagadamba,Bheemili
VZ111,22:00,Jagadamba,Bheemili
VZ112,05:00,Maddilapalem,Simhachalam
VZ112,06:00,Maddilapalem,Simhachalam
VZ112,07:00,Maddilapalem,Simhachalam
VZ112,08:00,Maddilapalem,Simhachalam
VZ112,09:00,Maddilapalem,Simhachalam
VZ112,10:00,Maddilapalem,Simhachalam
VZ112,11:00,Maddilapalem,Simhachalam
VZ112,12:00,Maddilapalem,Simhachalam
VZ112,13:00,Maddilapalem,Simhachalam
VZ112,14:00,Maddilapalem,Simhachalam
VZ112,15:00,Maddilapalem,Simhachalam
VZ112,16:00,Maddilapalem,Simhachalam
VZ112,17:00,Maddilapalem,Simhachalam
VZ112,18:00,Maddilapalem,Simhachalam
VZ112,19:00,Maddilapalem,Simhachalam
VZ112,20:00,Maddilapalem,Simhachalam
VZ112,21:00,Maddilapalem,Simhachalam
VZ112,22:00,Maddilapalem,Simhachalam
VZ113,05:00,MVP Colony,Kancharapalem
VZ113,06:00,MVP Colony,Kancharapalem
VZ113,07:00,MVP Colony,Kancharapalem
VZ113,08:00,MVP Colony,Kancharapalem
VZ113,09:00,MVP Colony,Kancharapalem
VZ113,10:00,MVP Colony,Kancharapalem
VZ113,11:00,MVP Colony,Kancharapalem
VZ113,12:00,MVP Colony,Kancharapalem
VZ113,13:00,MVP Colony,Kancharapalem
VZ113,14:00,MVP Colony,Kancharapalem
VZ113,15:00,MVP Colony,Kancharapalem
VZ113,16:00,MVP Colony,Kancharapalem
VZ113,17:00,MVP Colony,Kancharapalem
VZ113,18:00,MVP Colony,Kancharapalem
VZ113,19:00,MVP Colony,Kancharapalem
VZ113,20:00,MVP Colony,Kancharapalem
VZ113,21:00,MVP Colony,Kancharapalem
VZ113,22:00,MVP Colony,Kancharapalem
VZ114,05:00,PM Palem,Seethammadhara
VZ114,06:00,PM Palem,Seethammadhara
VZ114,07:00,PM Palem,Seethammadhara
VZ114,08:00,PM Palem,Seethammadhara
VZ114,09:00,PM Palem,Seethammadhara
VZ114,10:00,PM Palem,Seethammadhara
VZ114,11:00,PM Palem,Seethammadhara
VZ114,12:00,PM Palem,Seethammadhara
VZ114,13:00,PM Palem,Seethammadhara
VZ114,14:00,PM Palem,Seethammadhara
VZ114,15:00,PM Palem,Seethammadhara
VZ114,16:00,PM Palem,Seethammadhara
VZ114,17:00,PM Palem,Seethammadhara
VZ114,18:00,PM Palem,Seethammadhara
VZ114,19:00,PM Palem,Seethammadhara
VZ114,20:00,PM Palem,Seethammadhara
VZ114,21:00,PM Palem,Seethammadhara
VZ114,22:00,PM Palem,Seethammadhara
VZ115,05:00,Madhurawada,Steel Plant
VZ115,06:00,Madhurawada,Steel Plant
VZ115,07:00,Madhurawada,Steel Plant
VZ115,08:00,Madhurawada,Steel Plant
VZ115,09:00,Madhurawada,Steel Plant
VZ115,10:00,Madhurawada,Steel Plant
VZ115,11:00,Madhurawada,Steel Plant
VZ115,12:00,Madhurawada,Steel Plant
VZ115,13:00,Madhurawada,Steel Plant
VZ115,14:00,Madhurawada,Steel Plant
VZ115,15:00,Madhurawada,Steel Plant
VZ115,16:00,Madhurawada,Steel Plant
VZ115,17:00,Madhurawada,Steel Plant
VZ115,18:00,Madhurawada,Steel Plant
VZ115,19:00,Madhurawada,Steel Plant
VZ115,20:00,Madhurawada,Steel Plant
VZ115,21:00,Madhurawada,Steel Plant
VZ115,22:00,Madhurawada,Steel Plant
VZ116,05:00,Rushikonda,Anakapalle
VZ116,06:00,Rushikonda,Anakapalle
VZ116,07:00,Rushikonda,Anakapalle
VZ116,08:00,Rushikonda,Anakapalle
VZ116,09:00,Rushikonda,Anakapalle
VZ116,10:00,Rushikonda,Anakapalle
VZ116,11:00,Rushikonda,Anakapalle
VZ116,12:00,Rushikonda,Anakapalle
VZ116,13:00,Rushikonda,Anakapalle
VZ116,14:00,Rushikonda,Anakapalle
VZ116,15:00,Rushikonda,Anakapalle
VZ116,16:00,Rushikonda,Anakapalle
VZ116,17:00,Rushikonda,Anakapalle
VZ116,18:00,Rushikonda,Anakapalle
VZ116,19:00,Rushikonda,Anakapalle
VZ116,20:00,Rushikonda,Anakapalle
VZ116,21:00,Rushikonda,Anakapalle
VZ116,22:00,Rushikonda,Anakapalle
VZ117,05:00,Bheemili,Duvvada
VZ117,06:00,Bheemili,Duvvada
VZ117,07:00,Bheemili,Duvvada
VZ117,08:00,Bheemili,Duvvada
VZ117,09:00,Bheemili,Duvvada
VZ117,10:00,Bheemili,Duvvada
VZ117,11:00,Bheemili,Duvvada
VZ117,12:00,Bheemili,Duvvada
VZ117,13:00,Bheemili,Duvvada
VZ117,14:00,Bheemili,Duvvada
VZ117,15:00,Bheemili,Duvvada
VZ117,16:00,Bheemili,Duvvada
VZ117,17:00,Bheemili,Duvvada
VZ117,18:00,Bheemili,Duvvada
VZ117,19:00,Bheemili,Duvvada
VZ117,20:00,Bheemili,Duvvada
VZ117,21:00,Bheemili,Duvvada
VZ117,22:00,Bheemili,Duvvada
VZ118,05:00,Anandapuram,Airport
VZ118,06:00,Anandapuram,Airport
VZ118,07:00,Anandapuram,Airport
VZ118,08:00,Anandapuram,Airport
VZ118,09:00,Anandapuram,Airport
VZ118,10:00,Anandapuram,Airport
VZ118,11:00,Anandapuram,Airport
VZ118,12:00,Anandapuram,Airport
VZ118,13:00,Anandapuram,Airport
VZ118,14:00,Anandapuram,Airport
VZ118,15:00,Anandapuram,Airport
VZ118,16:00,Anandapuram,Airport
VZ118,17:00,Anandapuram,Airport
VZ118,18:00,Anandapuram,Airport
VZ118,19:00,Anandapuram,Airport
VZ118,20:00,Anandapuram,Airport
VZ118,21:00,Anandapuram,Airport
VZ118,22:00,Anandapuram,Airport
VZ119,05:00,Pendurthi,Marikavalasa
VZ119,06:00,Pendurthi,Marikavalasa
VZ119,07:00,Pendurthi,Marikavalasa
VZ119,08:00,Pendurthi,Marikavalasa
VZ119,09:00,Pendurthi,Marikavalasa
VZ119,10:00,Pendurthi,Marikavalasa
VZ119,11:00,Pendurthi,Marikavalasa
VZ119,12:00,Pendurthi,Marikavalasa
VZ119,13:00,Pendurthi,Marikavalasa
VZ119,14:00,Pendurthi,Marikavalasa
VZ119,15:00,Pendurthi,Marikavalasa
VZ119,16:00,Pendurthi,Marikavalasa
VZ119,17:00,Pendurthi,Marikavalasa
VZ119,18:00,Pendurthi,Marikavalasa
VZ119,19:00,Pendurthi,Marikavalasa
VZ119,20:00,Pendurthi,Marikavalasa
VZ119,21:00,Pendurthi,Marikavalasa
VZ119,22:00,Pendurthi,Marikavalasa
VZ120,05:00,Simhachalam,RTC Complex
VZ120,06:00,Simhachalam,RTC Complex
VZ120,07:00,Simhachalam,RTC Complex
VZ120,08:00,Simhachalam,RTC Complex
VZ120,09:00,Simhachalam,RTC Complex
VZ120,10:00,Simhachalam,RTC Complex
VZ120,11:00,Simhachalam,RTC Complex
VZ120,12:00,Simhachalam,RTC Complex
VZ120,13:00,Simhachalam,RTC Complex
VZ120,14:00,Simhachalam,RTC Complex
VZ120,15:00,Simhachalam,RTC Complex
VZ120,16:00,Simhachalam,RTC Complex
VZ120,17:00,Simhachalam,RTC Complex
VZ120,18:00,Simhachalam,RTC Complex
VZ120,19:00,Simhachalam,RTC Complex
VZ120,20:00,Simhachalam,RTC Complex
VZ120,21:00,Simhachalam,RTC Complex
VZ120,22:00,Simhachalam,RTC Complex
VZ121,05:00,Gopalapatnam,Jagadamba
VZ121,06:00,Gopalapatnam,Jagadamba
VZ121,07:00,Gopalapatnam,Jagadamba
VZ121,08:00,Gopalapatnam,Jagadamba
VZ121,09:00,Gopalapatnam,Jagadamba
VZ121,10:00,Gopalapatnam,Jagadamba
VZ121,11:00,Gopalapatnam,Jagadamba
VZ121,12:00,Gopalapatnam,Jagadamba
VZ121,13:00,Gopalapatnam,Jagadamba
VZ121,14:00,Gopalapatnam,Jagadamba
VZ121,15:00,Gopalapatnam,Jagadamba
VZ121,16:00,Gopalapatnam,Jagadamba
VZ121,17:00,Gopalapatnam,Jagadamba
VZ121,18:00,Gopalapatnam,Jagadamba
VZ121,19:00,Gopalapatnam,Jagadamba
VZ121,20:00,Gopalapatnam,Jagadamba
VZ121,21:00,Gopalapatnam,Jagadamba
VZ121,22:00,Gopalapatnam,Jagadamba
VZ122,05:00,NAD Junction,PM Palem
VZ122,06:00,NAD Junction,PM Palem
VZ122,07:00,NAD Junction,PM Palem
VZ122,08:00,NAD Junction,PM Palem
VZ122,09:00,NAD Junction,PM Palem
VZ122,10:00,NAD Junction,PM Palem
VZ122,11:00,NAD Junction,PM Palem
VZ122,12:00,NAD Junction,PM Palem
VZ122,13:00,NAD Junction,PM Palem
VZ122,14:00,NAD Junction,PM Palem
VZ122,15:00,NAD Junction,PM Palem
VZ122,16:00,NAD Junction,PM Palem
VZ122,17:00,NAD Junction,PM Palem
VZ122,18:00,NAD Junction,PM Palem
VZ122,19:00,NAD Junction,PM Palem
VZ122,20:00,NAD Junction,PM Palem
VZ122,21:00,NAD Junction,PM Palem
VZ122,22:00,NAD Junction,PM Palem
VZ123,05:00,Kancharapalem,Bheemili
VZ123,06:00,Kancharapalem,Bheemili
VZ123,07:00,Kancharapalem,Bheemili
VZ123,08:00,Kancharapalem,Bheemili
VZ123,09:00,Kancharapalem,Bheemili
VZ123,10:00,Kancharapalem,Bheemili
VZ123,11:00,Kancharapalem,Bheemili
VZ123,12:00,Kancharapalem,Bheemili
VZ123,13:00,Kancharapalem,Bheemili
VZ123,14:00,Kancharapalem,Bheemili
VZ123,15:00,Kancharapalem,Bheemili
VZ123,16:00,Kancharapalem,Bheemili
VZ123,17:00,Kancharapalem,Bheemili
VZ123,18:00,Kancharapalem,Bheemili
VZ123,19:00,Kancharapalem,Bheemili
VZ123,20:00,Kancharapalem,Bheemili
VZ123,21:00,Kancharapalem,Bheemili
VZ123,22:00,Kancharapalem,Bheemili
VZ124,05:00,Arilova,Simhachalam
VZ124,06:00,Arilova,Simhachalam
VZ124,07:00,Arilova,Simhachalam
VZ124,08:00,Arilova,Simhachalam
VZ124,09:00,Arilova,Simhachalam
VZ124,10:00,Arilova,Simhachalam
VZ124,11:00,Arilova,Simhachalam
VZ124,12:00,Arilova,Simhachalam
VZ124,13:00,Arilova,Simhachalam
VZ124,14:00,Arilova,Simhachalam
VZ124,15:00,Arilova,Simhachalam
VZ124,16:00,Arilova,Simhachalam
VZ124,17:00,Arilova,Simhachalam
VZ124,18:00,Arilova,Simhachalam
VZ124,19:00,Arilova,Simhachalam
VZ124,20:00,Arilova,Simhachalam
VZ124,21:00,Arilova,Simhachalam
VZ124,22:00,Arilova,Simhachalam
VZ125,05:00,HB Colony,Kancharapalem
VZ125,06:00,HB Colony,Kancharapalem
VZ125,07:00,HB Colony,Kancharapalem
VZ125,08:00,HB Colony,Kancharapalem
VZ125,09:00,HB Colony,Kancharapalem
VZ125,10:00,HB Colony,Kancharapalem
VZ125,11:00,HB Colony,Kancharapalem
VZ125,12:00,HB Colony,Kancharapalem
VZ125,13:00,HB Colony,Kancharapalem
VZ125,14:00,HB Colony,Kancharapalem
VZ125,15:00,HB Colony,Kancharapalem
VZ125,16:00,HB Colony,Kancharapalem
VZ125,17:00,HB Colony,Kancharapalem
VZ125,18:00,HB Colony,Kancharapalem
VZ125,19:00,HB Colony,Kancharapalem
VZ125,20:00,HB Colony,Kancharapalem
VZ125,21:00,HB Colony,Kancharapalem
VZ125,22:00,HB Colony,Kancharapalem
VZ126,05:00,Seethammadhara,Seethammadhara
VZ126,06:00,Seethammadhara,Seethammadhara
VZ126,07:00,Seethammadhara,Seethammadhara
VZ126,08:00,Seethammadhara,Seethammadhara
VZ126,09:00,Seethammadhara,Seethammadhara
VZ126,10:00,Seethammadhara,Seethammadhara
VZ126,11:00,Seethammadhara,Seethammadhara
VZ126,12:00,Seethammadhara,Seethammadhara
VZ126,13:00,Seethammadhara,Seethammadhara
VZ126,14:00,Seethammadhara,Seethammadhara
VZ126,15:00,Seethammadhara,Seethammadhara
VZ126,16:00,Seethammadhara,Seethammadhara
VZ126,17:00,Seethammadhara,Seethammadhara
VZ126,18:00,Seethammadhara,Seethammadhara
VZ126,19:00,Seethammadhara,Seethammadhara
VZ126,20:00,Seethammadhara,Seethammadhara
VZ126,21:00,Seethammadhara,Seethammadhara
VZ126,22:00,Seethammadhara,Seethammadhara
VZ127,05:00,Gajuwaka,Steel Plant
VZ127,06:00,Gajuwaka,Steel Plant
VZ127,07:00,Gajuwaka,Steel Plant
VZ127,08:00,Gajuwaka,Steel Plant
VZ127,09:00,Gajuwaka,Steel Plant
VZ127,10:00,Gajuwaka,Steel Plant
VZ127,11:00,Gajuwaka,Steel Plant
VZ127,12:00,Gajuwaka,Steel Plant
VZ127,13:00,Gajuwaka,Steel Plant
VZ127,14:00,Gajuwaka,Steel Plant
VZ127,15:00,Gajuwaka,Steel Plant
VZ127,16:00,Gajuwaka,Steel Plant
VZ127,17:00,Gajuwaka,Steel Plant
VZ127,18:00,Gajuwaka,Steel Plant
VZ127,19:00,Gajuwaka,Steel Plant
VZ127,20:00,Gajuwaka,Steel Plant
VZ127,21:00,Gajuwaka,Steel Plant
VZ127,22:00,Gajuwaka,Steel Plant
VZ128,05:00,Kurmannapalem,Anakapalle
VZ128,06:00,Kurmannapalem,Anakapalle
VZ128,07:00,Kurmannapalem,Anakapalle
VZ128,08:00,Kurmannapalem,Anakapalle
VZ128,09:00,Kurmannapalem,Anakapalle
VZ128,10:00,Kurmannapalem,Anakapalle
VZ128,11:00,Kurmannapalem,Anakapalle
VZ128,12:00,Kurmannapalem,Anakapalle
VZ128,13:00,Kurmannapalem,Anakapalle
VZ128,14:00,Kurmannapalem,Anakapalle
VZ128,15:00,Kurmannapalem,Anakapalle
VZ128,16:00,Kurmannapalem,Anakapalle
VZ128,17:00,Kurmannapalem,Anakapalle
VZ128,18:00,Kurmannapalem,Anakapalle
VZ128,19:00,Kurmannapalem,Anakapalle
VZ128,20:00,Kurmannapalem,Anakapalle
VZ128,21:00,Kurmannapalem,Anakapalle
VZ128,22:00,Kurmannapalem,Anakapalle
VZ129,05:00,Steel Plant,Duvvada
VZ129,06:00,Steel Plant,Duvvada
VZ129,07:00,Steel Plant,Duvvada
VZ129,08:00,Steel Plant,Duvvada
VZ129,09:00,Steel Plant,Duvvada
VZ129,10:00,Steel Plant,Duvvada
VZ129,11:00,Steel Plant,Duvvada
VZ129,12:00,Steel Plant,Duvvada
VZ129,13:00,Steel Plant,Duvvada
VZ129,14:00,Steel Plant,Duvvada
VZ129,15:00,Steel Plant,Duvvada
VZ129,16:00,Steel Plant,Duvvada
VZ129,17:00,Steel Plant,Duvvada
VZ129,18:00,Steel Plant,Duvvada
VZ129,19:00,Steel Plant,Duvvada
VZ129,20:00,Steel Plant,Duvvada
VZ129,21:00,Steel Plant,Duvvada
VZ129,22:00,Steel Plant,Duvvada
VZ130,05:00,Parawada,Airport
VZ130,06:00,Parawada,Airport
VZ130,07:00,Parawada,Airport
VZ130,08:00,Parawada,Airport
VZ130,09:00,Parawada,Airport
VZ130,10:00,Parawada,Airport
VZ130,11:00,Parawada,Airport
VZ130,12:00,Parawada,Airport
VZ130,13:00,Parawada,Airport
VZ130,14:00,Parawada,Airport
VZ130,15:00,Parawada,Airport
VZ130,16:00,Parawada,Airport
VZ130,17:00,Parawada,Airport
VZ130,18:00,Parawada,Airport
VZ130,19:00,Parawada,Airport
VZ130,20:00,Parawada,Airport
VZ130,21:00,Parawada,Airport
VZ130,22:00,Parawada,Airport
VZ131,05:00,Achutapuram,Marikavalasa
VZ131,06:00,Achutapuram,Marikavalasa
VZ131,07:00,Achutapuram,Marikavalasa
VZ131,08:00,Achutapuram,Marikavalasa
VZ131,09:00,Achutapuram,Marikavalasa
VZ131,10:00,Achutapuram,Marikavalasa
VZ131,11:00,Achutapuram,Marikavalasa
VZ131,12:00,Achutapuram,Marikavalasa
VZ131,13:00,Achutapuram,Marikavalasa
VZ131,14:00,Achutapuram,Marikavalasa
VZ131,15:00,Achutapuram,Marikavalasa
VZ131,16:00,Achutapuram,Marikavalasa
VZ131,17:00,Achutapuram,Marikavalasa
VZ131,18:00,Achutapuram,Marikavalasa
VZ131,19:00,Achutapuram,Marikavalasa
VZ131,20:00,Achutapuram,Marikavalasa
VZ131,21:00,Achutapuram,Marikavalasa
VZ131,22:00,Achutapuram,Marikavalasa
VZ132,05:00,Anakapalle,RTC Complex
VZ132,06:00,Anakapalle,RTC Complex
VZ132,07:00,Anakapalle,RTC Complex
VZ132,08:00,Anakapalle,RTC Complex
VZ132,09:00,Anakapalle,RTC Complex
VZ132,10:00,Anakapalle,RTC Complex
VZ132,11:00,Anakapalle,RTC Complex
VZ132,12:00,Anakapalle,RTC Complex
VZ132,13:00,Anakapalle,RTC Complex
VZ132,14:00,Anakapalle,RTC Complex
VZ132,15:00,Anakapalle,RTC Complex
VZ132,16:00,Anakapalle,RTC Complex
VZ132,17:00,Anakapalle,RTC Complex
VZ132,18:00,Anakapalle,RTC Complex
VZ132,19:00,Anakapalle,RTC Complex
VZ132,20:00,Anakapalle,RTC Complex
VZ132,21:00,Anakapalle,RTC Complex
VZ132,22:00,Anakapalle,RTC Complex
VZ133,05:00,Sabbavaram,Jagadamba
VZ133,06:00,Sabbavaram,Jagadamba
VZ133,07:00,Sabbavaram,Jagadamba
VZ133,08:00,Sabbavaram,Jagadamba
VZ133,09:00,Sabbavaram,Jagadamba
VZ133,10:00,Sabbavaram,Jagadamba
VZ133,11:00,Sabbavaram,Jagadamba
VZ133,12:00,Sabbavaram,Jagadamba
VZ133,13:00,Sabbavaram,Jagadamba
VZ133,14:00,Sabbavaram,Jagadamba
VZ133,15:00,Sabbavaram,Jagadamba
VZ133,16:00,Sabbavaram,Jagadamba
VZ133,17:00,Sabbavaram,Jagadamba
VZ133,18:00,Sabbavaram,Jagadamba
VZ133,19:00,Sabbavaram,Jagadamba
VZ133,20:00,Sabbavaram,Jagadamba
VZ133,21:00,Sabbavaram,Jagadamba
VZ133,22:00,Sabbavaram,Jagadamba
VZ134,05:00,Tagarapuvalasa,PM Palem
VZ134,06:00,Tagarapuvalasa,PM Palem
VZ134,07:00,Tagarapuvalasa,PM Palem
VZ134,08:00,Tagarapuvalasa,PM Palem
VZ134,09:00,Tagarapuvalasa,PM Palem
VZ134,10:00,Tagarapuvalasa,PM Palem
VZ134,11:00,Tagarapuvalasa,PM Palem
VZ134,12:00,Tagarapuvalasa,PM Palem
VZ134,13:00,Tagarapuvalasa,PM Palem
VZ134,14:00,Tagarapuvalasa,PM Palem
VZ134,15:00,Tagarapuvalasa,PM Palem
VZ134,16:00,Tagarapuvalasa,PM Palem
VZ134,17:00,Tagarapuvalasa,PM Palem
VZ134,18:00,Tagarapuvalasa,PM Palem
VZ134,19:00,Tagarapuvalasa,PM Palem
VZ134,20:00,Tagarapuvalasa,PM Palem
VZ134,21:00,Tagarapuvalasa,PM Palem
VZ134,22:00,Tagarapuvalasa,PM Palem
VZ135,05:00,Duvvada,Bheemili
VZ135,06:00,Duvvada,Bheemili
VZ135,07:00,Duvvada,Bheemili
VZ135,08:00,Duvvada,Bheemili
VZ135,09:00,Duvvada,Bheemili
VZ135,10:00,Duvvada,Bheemili
VZ135,11:00,Duvvada,Bheemili
VZ135,12:00,Duvvada,Bheemili
VZ135,13:00,Duvvada,Bheemili
VZ135,14:00,Duvvada,Bheemili
VZ135,15:00,Duvvada,Bheemili
VZ135,16:00,Duvvada,Bheemili
VZ135,17:00,Duvvada,Bheemili
VZ135,18:00,Duvvada,Bheemili
VZ135,19:00,Duvvada,Bheemili
VZ135,20:00,Duvvada,Bheemili
VZ135,21:00,Duvvada,Bheemili
VZ135,22:00,Duvvada,Bheemili
VZ136,05:00,Scindia,Simhachalam
VZ136,06:00,Scindia,Simhachalam
VZ136,07:00,Scindia,Simhachalam
VZ136,08:00,Scindia,Simhachalam
VZ136,09:00,Scindia,Simhachalam
VZ136,10:00,Scindia,Simhachalam
VZ136,11:00,Scindia,Simhachalam
VZ136,12:00,Scindia,Simhachalam
VZ136,13:00,Scindia,Simhachalam
VZ136,14:00,Scindia,Simhachalam
VZ136,15:00,Scindia,Simhachalam
VZ136,16:00,Scindia,Simhachalam
VZ136,17:00,Scindia,Simhachalam
VZ136,18:00,Scindia,Simhachalam
VZ136,19:00,Scindia,Simhachalam
VZ136,20:00,Scindia,Simhachalam
VZ136,21:00,Scindia,Simhachalam
VZ136,22:00,Scindia,Simhachalam
VZ137,05:00,Pedagantyada,Kancharapalem
VZ137,06:00,Pedagantyada,Kancharapalem
VZ137,07:00,Pedagantyada,Kancharapalem
VZ137,08:00,Pedagantyada,Kancharapalem
VZ137,09:00,Pedagantyada,Kancharapalem
VZ137,10:00,Pedagantyada,Kancharapalem
VZ137,11:00,Pedagantyada,Kancharapalem
VZ137,12:00,Pedagantyada,Kancharapalem
VZ137,13:00,Pedagantyada,Kancharapalem
VZ137,14:00,Pedagantyada,Kancharapalem
VZ137,15:00,Pedagantyada,Kancharapalem
VZ137,16:00,Pedagantyada,Kancharapalem
VZ137,17:00,Pedagantyada,Kancharapalem
VZ137,18:00,Pedagantyada,Kancharapalem
VZ137,19:00,Pedagantyada,Kancharapalem
VZ137,20:00,Pedagantyada,Kancharapalem
VZ137,21:00,Pedagantyada,Kancharapalem
VZ137,22:00,Pedagantyada,Kancharapalem
VZ138,05:00,Airport,Seethammadhara
VZ138,06:00,Airport,Seethammadhara
VZ138,07:00,Airport,Seethammadhara
VZ138,08:00,Airport,Seethammadhara
VZ138,09:00,Airport,Seethammadhara
VZ138,10:00,Airport,Seethammadhara
VZ138,11:00,Airport,Seethammadhara
VZ138,12:00,Airport,Seethammadhara
VZ138,13:00,Airport,Seethammadhara
VZ138,14:00,Airport,Seethammadhara
VZ138,15:00,Airport,Seethammadhara
VZ138,16:00,Airport,Seethammadhara
VZ138,17:00,Airport,Seethammadhara
VZ138,18:00,Airport,Seethammadhara
VZ138,19:00,Airport,Seethammadhara
VZ138,20:00,Airport,Seethammadhara
VZ138,21:00,Airport,Seethammadhara
VZ138,22:00,Airport,Seethammadhara
VZ139,05:00,Sagar Nagar,Steel Plant
VZ139,06:00,Sagar Nagar,Steel Plant
VZ139,07:00,Sagar Nagar,Steel Plant
VZ139,08:00,Sagar Nagar,Steel Plant
VZ139,09:00,Sagar Nagar,Steel Plant
VZ139,10:00,Sagar Nagar,Steel Plant
VZ139,11:00,Sagar Nagar,Steel Plant
VZ139,12:00,Sagar Nagar,Steel Plant
VZ139,13:00,Sagar Nagar,Steel Plant
VZ139,14:00,Sagar Nagar,Steel Plant
VZ139,15:00,Sagar Nagar,Steel Plant
VZ139,16:00,Sagar Nagar,Steel Plant
VZ139,17:00,Sagar Nagar,Steel Plant
VZ139,18:00,Sagar Nagar,Steel Plant
VZ139,19:00,Sagar Nagar,Steel Plant
VZ139,20:00,Sagar Nagar,Steel Plant
VZ139,21:00,Sagar Nagar,Steel Plant
VZ139,22:00,Sagar Nagar,Steel Plant
VZ140,05:00,Endada,Anakapalle
VZ140,06:00,Endada,Anakapalle
VZ140,07:00,Endada,Anakapalle
VZ140,08:00,Endada,Anakapalle
VZ140,09:00,Endada,Anakapalle
VZ140,10:00,Endada,Anakapalle
VZ140,11:00,Endada,Anakapalle
VZ140,12:00,Endada,Anakapalle
VZ140,13:00,Endada,Anakapalle
VZ140,14:00,Endada,Anakapalle
VZ140,15:00,Endada,Anakapalle
VZ140,16:00,Endada,Anakapalle
VZ140,17:00,Endada,Anakapalle
VZ140,18:00,Endada,Anakapalle
VZ140,19:00,Endada,Anakapalle
VZ140,20:00,Endada,Anakapalle
VZ140,21:00,Endada,Anakapalle
VZ140,22:00,Endada,Anakapalle
VZ141,05:00,Marikavalasa,Duvvada
VZ141,06:00,Marikavalasa,Duvvada
VZ141,07:00,Marikavalasa,Duvvada
VZ141,08:00,Marikavalasa,Duvvada
VZ141,09:00,Marikavalasa,Duvvada
VZ141,10:00,Marikavalasa,Duvvada
VZ141,11:00,Marikavalasa,Duvvada
VZ141,12:00,Marikavalasa,Duvvada
VZ141,13:00,Marikavalasa,Duvvada
VZ141,14:00,Marikavalasa,Duvvada
VZ141,15:00,Marikavalasa,Duvvada
VZ141,16:00,Marikavalasa,Duvvada
VZ141,17:00,Marikavalasa,Duvvada
VZ141,18:00,Marikavalasa,Duvvada
VZ141,19:00,Marikavalasa,Duvvada
VZ141,20:00,Marikavalasa,Duvvada
VZ141,21:00,Marikavalasa,Duvvada
VZ141,22:00,Marikavalasa,Duvvada
VZ142,05:00,Yendada,Airport
VZ142,06:00,Yendada,Airport
VZ142,07:00,Yendada,Airport
VZ142,08:00,Yendada,Airport
VZ142,09:00,Yendada,Airport
VZ142,10:00,Yendada,Airport
VZ142,11:00,Yendada,Airport
VZ142,12:00,Yendada,Airport
VZ142,13:00,Yendada,Airport
VZ142,14:00,Yendada,Airport
VZ142,15:00,Yendada,Airport
VZ142,16:00,Yendada,Airport
VZ142,17:00,Yendada,Airport
VZ142,18:00,Yendada,Airport
VZ142,19:00,Yendada,Airport
VZ142,20:00,Yendada,Airport
VZ142,21:00,Yendada,Airport
VZ142,22:00,Yendada,Airport
VZ143,05:00,Lawsons Bay,Marikavalasa
VZ143,06:00,Lawsons Bay,Marikavalasa
VZ143,07:00,Lawsons Bay,Marikavalasa
VZ143,08:00,Lawsons Bay,Marikavalasa
VZ143,09:00,Lawsons Bay,Marikavalasa
VZ143,10:00,Lawsons Bay,Marikavalasa
VZ143,11:00,Lawsons Bay,Marikavalasa
VZ143,12:00,Lawsons Bay,Marikavalasa
VZ143,13:00,Lawsons Bay,Marikavalasa
VZ143,14:00,Lawsons Bay,Marikavalasa
VZ143,15:00,Lawsons Bay,Marikavalasa
VZ143,16:00,Lawsons Bay,Marikavalasa
VZ143,17:00,Lawsons Bay,Marikavalasa
VZ143,18:00,Lawsons Bay,Marikavalasa
VZ143,19:00,Lawsons Bay,Marikavalasa
VZ143,20:00,Lawsons Bay,Marikavalasa
VZ143,21:00,Lawsons Bay,Marikavalasa
VZ143,22:00,Lawsons Bay,Marikavalasa
VZ144,05:00,RTC Complex,RTC Complex
VZ144,06:00,RTC Complex,RTC Complex
VZ144,07:00,RTC Complex,RTC Complex
VZ144,08:00,RTC Complex,RTC Complex
VZ144,09:00,RTC Complex,RTC Complex
VZ144,10:00,RTC Complex,RTC Complex
VZ144,11:00,RTC Complex,RTC Complex
VZ144,12:00,RTC Complex,RTC Complex
VZ144,13:00,RTC Complex,RTC Complex
VZ144,14:00,RTC Complex,RTC Complex
VZ144,15:00,RTC Complex,RTC Complex
VZ144,16:00,RTC Complex,RTC Complex
VZ144,17:00,RTC Complex,RTC Complex
VZ144,18:00,RTC Complex,RTC Complex
VZ144,19:00,RTC Complex,RTC Complex
VZ144,20:00,RTC Complex,RTC Complex
VZ144,21:00,RTC Complex,RTC Complex
VZ144,22:00,RTC Complex,RTC Complex
VZ145,05:00,Railway Station,Jagadamba
VZ145,06:00,Railway Station,Jagadamba
VZ145,07:00,Railway Station,Jagadamba
VZ145,08:00,Railway Station,Jagadamba
VZ145,09:00,Railway Station,Jagadamba
VZ145,10:00,Railway Station,Jagadamba
VZ145,11:00,Railway Station,Jagadamba
VZ145,12:00,Railway Station,Jagadamba
VZ145,13:00,Railway Station,Jagadamba
VZ145,14:00,Railway Station,Jagadamba
VZ145,15:00,Railway Station,Jagadamba
VZ145,16:00,Railway Station,Jagadamba
VZ145,17:00,Railway Station,Jagadamba
VZ145,18:00,Railway Station,Jagadamba
VZ145,19:00,Railway Station,Jagadamba
VZ145,20:00,Railway Station,Jagadamba
VZ145,21:00,Railway Station,Jagadamba
VZ145,22:00,Railway Station,Jagadamba
VZ146,05:00,Old Post Office,PM Palem
VZ146,06:00,Old Post Office,PM Palem
VZ146,07:00,Old Post Office,PM Palem
VZ146,08:00,Old Post Office,PM Palem
VZ146,09:00,Old Post Office,PM Palem
VZ146,10:00,Old Post Office,PM Palem
VZ146,11:00,Old Post Office,PM Palem
VZ146,12:00,Old Post Office,PM Palem
VZ146,13:00,Old Post Office,PM Palem
VZ146,14:00,Old Post Office,PM Palem
VZ146,15:00,Old Post Office,PM Palem
VZ146,16:00,Old Post Office,PM Palem
VZ146,17:00,Old Post Office,PM Palem
VZ146,18:00,Old Post Office,PM Palem
VZ146,19:00,Old Post Office,PM Palem
VZ146,20:00,Old Post Office,PM Palem
VZ146,21:00,Old Post Office,PM Palem
VZ146,22:00,Old Post Office,PM Palem
VZ147,05:00,Jagadamba,Bheemili
VZ147,06:00,Jagadamba,Bheemili
VZ147,07:00,Jagadamba,Bheemili
VZ147,08:00,Jagadamba,Bheemili
VZ147,09:00,Jagadamba,Bheemili
VZ147,10:00,Jagadamba,Bheemili
VZ147,11:00,Jagadamba,Bheemili
VZ147,12:00,Jagadamba,Bheemili
VZ147,13:00,Jagadamba,Bheemili
VZ147,14:00,Jagadamba,Bheemili
VZ147,15:00,Jagadamba,Bheemili
VZ147,16:00,Jagadamba,Bheemili
VZ147,17:00,Jagadamba,Bheemili
VZ147,18:00,Jagadamba,Bheemili
VZ147,19:00,Jagadamba,Bheemili
VZ147,20:00,Jagadamba,Bheemili
VZ147,21:00,Jagadamba,Bheemili
VZ147,22:00,Jagadamba,Bheemili
VZ148,05:00,Maddilapalem,Simhachalam
VZ148,06:00,Maddilapalem,Simhachalam
VZ148,07:00,Maddilapalem,Simhachalam
VZ148,08:00,Maddilapalem,Simhachalam
VZ148,09:00,Maddilapalem,Simhachalam
VZ148,10:00,Maddilapalem,Simhachalam
VZ148,11:00,Maddilapalem,Simhachalam
VZ148,12:00,Maddilapalem,Simhachalam
VZ148,13:00,Maddilapalem,Simhachalam
VZ148,14:00,Maddilapalem,Simhachalam
VZ148,15:00,Maddilapalem,Simhachalam
VZ148,16:00,Maddilapalem,Simhachalam
VZ148,17:00,Maddilapalem,Simhachalam
VZ148,18:00,Maddilapalem,Simhachalam
VZ148,19:00,Maddilapalem,Simhachalam
VZ148,20:00,Maddilapalem,Simhachalam
VZ148,21:00,Maddilapalem,Simhachalam
VZ148,22:00,Maddilapalem,Simhachalam
VZ149,05:00,MVP Colony,Kancharapalem
VZ149,06:00,MVP Colony,Kancharapalem
VZ149,07:00,MVP Colony,Kancharapalem
VZ149,08:00,MVP Colony,Kancharapalem
VZ149,09:00,MVP Colony,Kancharapalem
VZ149,10:00,MVP Colony,Kancharapalem
VZ149,11:00,MVP Colony,Kancharapalem
VZ149,12:00,MVP Colony,Kancharapalem
VZ149,13:00,MVP Colony,Kancharapalem
VZ149,14:00,MVP Colony,Kancharapalem
VZ149,15:00,MVP Colony,Kancharapalem
VZ149,16:00,MVP Colony,Kancharapalem
VZ149,17:00,MVP Colony,Kancharapalem
VZ149,18:00,MVP Colony,Kancharapalem
VZ149,19:00,MVP Colony,Kancharapalem
VZ149,20:00,MVP Colony,Kancharapalem
VZ149,21:00,MVP Colony,Kancharapalem
VZ149,22:00,MVP Colony,Kancharapalem
VZ150,05:00,PM Palem,Seethammadhara
VZ150,06:00,PM Palem,Seethammadhara
VZ150,07:00,PM Palem,Seethammadhara
VZ150,08:00,PM Palem,Seethammadhara
VZ150,09:00,PM Palem,Seethammadhara
VZ150,10:00,PM Palem,Seethammadhara
VZ150,11:00,PM Palem,Seethammadhara
VZ150,12:00,PM Palem,Seethammadhara
VZ150,13:00,PM Palem,Seethammadhara
VZ150,14:00,PM Palem,Seethammadhara
VZ150,15:00,PM Palem,Seethammadhara
VZ150,16:00,PM Palem,Seethammadhara
VZ150,17:00,PM Palem,Seethammadhara
VZ150,18:00,PM Palem,Seethammadhara
VZ150,19:00,PM Palem,Seethammadhara
VZ150,20:00,PM Palem,Seethammadhara
VZ150,21:00,PM Palem,Seethammadhara
VZ150,22:00,PM Palem,Seethammadhara
